fy,full_sample,sel_index,typen,active_borrowers,active_undergrad_bor,active_grad_bor,active_parplus_bor,tot_vol,undergrad_loans,grad_loans,parplus_loans,mn_tot_vol,md_tot_vol,mn_undergrad_l,md_undergrad_l,mn_grad_loan,md_grad_loan,mn_parplus_loan,md_parplus_loan,mn_duration_borrowing,md_duration_borrowing,mn_fam_inc,dependent,female,first_gen,median_hh,pct_black,poverty_rate,unemp_rate,md_fam_inc,md_ind_fam_inc,md_dep_fam_inc,md_und_fam_inc,md_grad_fam_inc,md_par_fam_inc,cpi_adj
1970,1,,,203,190,13,0,242,222,21,0,1195,890,1170,890,1445,1335,,,5.27,1,,,,,,,,,,,,,,,0.209694
1971,1,,,228,212,16,0,288,263,25,0,1260,1115,1240,1070,1420,1335,,,5.66,1,,,,,,,,,,,,,,,0.217343
1972,1,,,230,211,19,0,304,276,28,0,1320,1335,1305,1335,1395,1335,,,6.13,2,,,,,,,,,,,,,,,0.224633
1973,1,,,226,203,23,0,320,280,40,0,1415,1335,1380,1335,1645,1335,,,6.45,2,,,,,,,,,,,,,,,0.24199
1974,1,,,240,214,26,0,377,324,53,0,1570,1335,1515,1335,1830,1370,,,6.78,3,,,,,,,,,,,,,,,0.269745
1975,1,,,265,234,31,0,435,371,64,0,1640,1335,1585,1335,1875,1780,,,6.84,3,,,,,,,,,,,,,,,0.287627
1976,1,,,313,271,42,0,525,435,90,0,1680,1335,1605,1335,1905,1780,,,6.74,3,,,,,,,,,,,,,,,0.302189
1977,1,,,421,365,55,0,804,647,156,0,1910,1700,1770,1425,2465,2225,,,6.72,3,,,,,,,,,,,,,,,0.322139
1978,1,,,557,479,78,0,1154,898,256,0,2070,1780,1875,1780,2850,2225,,,6.6,3,,,,,,,,,,,,,,,0.346492
1979,1,,,924,800,125,0,2071,1619,452,0,2240,2225,2025,1960,3175,2670,,,6.21,2,,,,,,,,,,,,,,,0.381639
1980,1,,,1581,1375,206,0,3653,2824,829,0,2310,2225,2055,2225,3465,3740,,,5.83,2,,,,,,,,,,,,,,,0.42186
1981,1,,,2441,2091,342,8,6080,4587,1469,25,2490,2225,2195,2225,4015,4450,2985,2640,5.7,2,,,,,,,,,,,,,,,0.452594
1982,1,,,2086,1784,285,18,4924,3686,1189,49,2360,2225,2065,2225,4000,4450,2765,2640,5.91,3,,,,,,,,,,,,,,,0.474364
1983,1,,,2321,1979,303,39,5601,4172,1319,109,2415,2225,2110,2225,4195,4450,2760,2640,5.92,3,,,,,,,,,,,,,,,0.491878
1984,1,,,2600,2213,333,55,6331,4700,1483,148,2435,2225,2125,2225,4295,4450,2695,2640,5.83,3,,,,,,,,,,,,,,,0.509814
1985,1,,,2908,2489,348,71,7144,5346,1605,193,2455,2225,2150,2225,4445,4450,2715,2640,5.65,3,,,,,,,,,,,,,,,0.528431
1986,1,,,2844,2452,318,73,6825,5186,1446,192,2400,2225,2115,2225,4390,4450,2625,2640,5.5,2,,,,,,,,,,,,,,,0.536539
1987,1,,,2885,2494,305,88,7712,5707,1748,258,2675,2225,2290,2225,5505,4450,2920,2640,5.4,3,,,,,,,,,,,,,,,0.556903
1988,1,,,3087,2628,321,140,9269,6758,2070,440,3000,2335,2570,2335,6190,6675,3135,3520,5.31,3,,,,,,,,,,,,,,,0.580705
1989,1,,,3121,2604,329,191,9877,7024,2246,608,3165,2335,2700,2335,6585,6675,3185,3520,5.31,3,,,,,,,,,,,,,,,0.60299
1990,1,,,3082,2504,356,226,10687,7174,2777,736,3465,2625,2865,2625,7525,7500,3255,3520,5.52,3,,,,,,,,,,,,,,,0.631967
1991,1,,,3228,2574,392,266,11852,7754,3213,885,3670,2625,3010,2625,7870,7500,3330,3520,5.66,3,,,,,,,,,,,,,,,0.648323
1992,1,,,3413,2685,425,308,13014,8389,3572,1053,3815,2625,3125,2625,8110,7500,3415,3520,5.77,3,,,,,,,,,,,,,,,0.665147
1993,1,,,3579,2871,447,265,15851,10237,4479,1134,4430,3475,3565,2625,9670,7500,4285,4000,5.89,4,,,,,,,,,,,,,,,0.679709
1994,1,,,4081,3279,531,274,21498,13586,6317,1596,5270,3640,4145,3500,11355,9250,5825,4000,6,4,,,,,,,,,,,,,,,0.694281
1995,1,,,4198,3357,549,294,23331,14561,6928,1842,5560,4000,4335,3500,12015,10500,6270,5000,6.03,4,44920,0.57,0.58,0.4,57242.3,0.15,0.11,0.04,33875,15950,54825,35090,19965,39920,0.707602
1996,1,,,4563,3633,594,338,26216,16170,7779,2267,5745,4250,4450,3500,12545,11500,6705,5100,6.1,4,47400,0.61,0.58,0.38,56790.3,0.14,0.11,0.04,36360,16480,56065,37775,22465,50080,0.724261
1997,1,,,4832,3836,626,372,28983,17628,8693,2661,6000,4500,4595,3500,13285,12000,7155,5645,6.17,4,49280,0.64,0.58,0.37,57604.5,0.13,0.11,0.04,38660,17060,57060,40270,23215,52000,0.732323
1998,1,,,4956,3912,646,401,29973,17933,9057,2983,6045,4560,4585,3500,13445,12260,7435,5990,6.2,4,51685,0.68,0.58,0.36,58932.2,0.13,0.1,0.04,41390,17825,58265,43065,24940,48270,0.738253
1999,1,,,4951,3897,647,411,30466,17842,9471,3154,6155,4605,4580,3500,14105,12970,7675,6000,6.21,4,53635,0.69,0.58,0.37,60557.6,0.12,0.09,0.04,43205,18095,59350,44980,27530,48825,0.753413
2000,1,,,5162,4044,673,449,33286,19234,10419,3633,6450,5000,4755,3665,14900,13900,8095,6470,6.19,4,55580,0.7,0.58,0.37,60863.1,0.11,0.09,0.04,45090,18945,60800,46760,31195,47585,0.77168
2001,1,,,5366,4192,710,469,35238,20152,11066,4019,6565,5180,4810,3805,15055,14440,8570,7000,6.19,4,57150,0.71,0.58,0.37,61017.3,0.12,0.09,0.04,45970,19550,61715,47625,33655,48970,0.779909
2002,1,,,5839,4539,796,509,39728,22303,12754,4670,6805,5325,4915,4000,15495,15230,9175,7495,6.18,4,58255,0.7,0.58,0.38,61194.6,0.12,0.09,0.04,46630,20260,62550,47925,37250,48335,0.796383
2003,1,,,6448,4959,909,586,45610,25127,14709,5774,7075,5500,5065,4375,15650,15830,9855,8000,6.17,4,58135,0.69,0.59,0.38,61047.5,0.12,0.09,0.04,45725,20080,62190,46795,38905,50155,0.811654
2004,1,,,7030,5369,1000,670,51594,27795,16559,7240,7340,5500,5175,4625,16075,16720,10810,8865,6.07,4,58010,0.68,0.6,0.38,61014,0.12,0.09,0.04,45195,20095,62005,45825,40825,48155,0.834702
2005,1,,,7397,5632,1063,710,55615,29571,17858,8187,7520,5500,5250,4825,16335,17250,11530,9500,6.03,4,58150,0.68,0.6,0.38,61061,0.12,0.09,0.04,45025,19995,61755,45480,41840,48230,0.858669
2006,1,,,7541,5767,1098,684,58842,30526,20120,8196,7805,5500,5295,4970,17805,17925,11975,10000,5.99,4,58355,0.69,0.61,0.38,61027.1,0.12,0.09,0.04,44875,19555,61695,45225,42800,46085,0.876992
2007,1,,,7697,5900,1164,642,64416,33066,23463,7888,8370,5500,5605,5000,19630,18245,12280,10000,5.95,4,58405,0.69,0.61,0.38,61050,0.12,0.09,0.04,44515,19250,61465,44480,44690,44255,0.906824
2008,1,,,8135,6301,1243,601,75735,41628,26632,7474,9310,6750,6605,5500,20855,19220,12445,10000,5.88,4,58540,0.69,0.61,0.38,61101.8,0.13,0.09,0.04,43630,18760,61420,43430,44610,42370,0.910217
2009,1,,,9522,7458,1401,677,95615,55433,31476,8707,10040,7500,7435,6500,21770,19790,12870,10125,5.74,4,58055,0.67,0.61,0.39,61006.3,0.13,0.09,0.04,41685,17835,60835,41095,45045,39985,0.929017
2010,1,,,10232,7986,1495,771,100746,57548,33330,9869,9845,7500,7205,6500,21650,18985,12805,10000,5.68,4,56455,0.66,0.61,0.39,60887.4,0.13,0.09,0.04,39425,16935,59325,38460,45315,35435,0.941916
2011,1,,,10970,8536,1585,879,110756,62247,36555,11954,10095,7500,7290,6500,22375,19475,13595,10625,5.57,3,55955,0.66,0.61,0.39,60982.2,0.13,0.09,0.04,38650,16605,57900,37675,45130,30725,0.965479
2012,1,,,10383,8222,1494,684,103970,59011,34887,10072,10015,7500,7175,6500,22755,19965,14725,12000,5.34,3,55675,0.67,0.62,0.39,61018.9,0.13,0.09,0.04,38175,15835,56925,37110,44945,34550,0.980216
2013,1,,,9926,7858,1432,652,100362,55921,34234,10206,10110,7500,7115,6500,23315,20430,15645,12715,5.05,3,56220,0.69,0.62,0.38,61216,0.14,0.09,0.04,38545,15670,56400,37460,45325,34700,0.992323
2014,1,,,9573,7495,1430,666,100227,54578,34942,10707,10470,7500,7280,6500,23875,20500,16070,13135,4.67,2,57095,0.71,0.62,0.37,61389.1,0.14,0.09,0.04,39185,15435,56325,38260,44850,32210,1
1970,,1,,11,10,0,0,12,11,1,0,1105,890,1085,890,1590,1335,,,3.63,0,,,,,,,,,,,,,,,0.209694
1971,,1,,13,13,0,0,15,15,0,0,1180,1335,1175,1280,1060,1335,,,3.92,0,,,,,,,,,,,,,,,0.217343
1972,,1,,15,15,1,0,19,18,1,0,1250,1335,1250,1335,1240,1335,,,4.02,0,,,,,,,,,,,,,,,0.224633
1973,,1,,14,14,1,0,18,17,1,0,1270,1335,1265,1335,1225,1335,,,4.89,0,,,,,,,,,,,,,,,0.24199
1974,,1,,17,16,1,0,23,22,1,0,1385,1335,1375,1335,1485,1335,,,5.76,0,,,,,,,,,,,,,,,0.269745
1975,,1,,20,20,0,0,31,30,1,0,1510,1335,1500,1335,1735,1780,,,5.53,0,,,,,,,,,,,,,,,0.287627
1976,,1,,25,24,1,0,38,37,1,0,1525,1335,1505,1335,1745,1690,,,5.14,0,,,,,,,,,,,,,,,0.302189
1977,,1,,33,32,1,0,57,55,3,0,1725,1425,1690,1335,2615,2225,,,5.38,0,,,,,,,,,,,,,,,0.322139
1978,,1,,50,48,1,0,91,86,4,0,1825,1780,1790,1780,2660,2225,,,5.37,0,,,,,,,,,,,,,,,0.346492
1979,,1,,74,72,2,0,148,142,6,0,2000,2075,1970,2045,2605,2225,,,5.32,0,,,,,,,,,,,,,,,0.381639
1980,,1,,129,127,2,0,260,251,9,0,2015,2225,1980,2225,2880,2225,,,5.05,0,,,,,,,,,,,,,,,0.42186
1981,,1,,210,205,4,0,453,438,15,1,2160,2225,2130,2225,2850,2225,2740,2640,4.87,0,,,,,,,,,,,,,,,0.452594
1982,,1,,255,250,4,1,542,526,12,3,2125,2225,2105,2225,2865,2225,2210,2505,4.72,0,,,,,,,,,,,,,,,0.474364
1983,,1,,370,363,3,4,803,783,10,9,2170,2225,2160,2225,2905,2225,2225,2640,4.56,0,,,,,,,,,,,,,,,0.491878
1984,,1,,474,461,3,9,1042,1010,9,22,2200,2225,2190,2225,2770,2225,2380,2640,4.64,0,,,,,,,,,,,,,,,0.509814
1985,,1,,624,608,4,12,1379,1339,11,29,2210,2225,2205,2225,2535,2225,2385,2640,4.32,0,,,,,,,,,,,,,,,0.528431
1986,,1,,753,732,4,17,1654,1601,10,42,2195,2225,2190,2225,2320,2225,2430,2640,4.06,0,,,,,,,,,,,,,,,0.536539
1987,,1,,904,876,3,25,2234,2155,11,68,2470,2335,2460,2335,2945,2335,2730,2640,3.8,0,,,,,,,,,,,,,,,0.556903
1988,,1,,1051,1008,3,41,3054,2925,13,115,2905,2335,2900,2335,3225,2335,2835,3140,3.68,0,,,,,,,,,,,,,,,0.580705
1989,,1,,1002,948,2,53,3083,2923,12,149,3075,2335,3085,2335,3490,2335,2800,3080,3.55,0,,,,,,,,,,,,,,,0.60299
1990,,1,,814,759,2,55,2489,2320,11,158,3055,2625,3055,2625,4040,2625,2880,3295,3.82,0,,,,,,,,,,,,,,,0.631967
1991,,1,,686,632,2,53,2162,1992,10,160,3155,2625,3155,2625,3575,2625,3010,3520,4.01,1,,,,,,,,,,,,,,,0.648323
1992,,1,,593,539,1,53,1932,1760,7,165,3260,2625,3265,2625,4580,3435,3080,3520,4.14,1,,,,,,,,,,,,,,,0.665147
1993,,1,,489,441,1,48,1735,1541,8,187,3550,2625,3495,2625,6165,4000,3870,4000,4.3,1,,,,,,,,,,,,,,,0.679709
1994,,1,,477,431,1,46,1953,1737,8,208,4090,3290,4030,2920,7655,4880,4525,4000,4.44,1,,,,,,,,,,,,,,,0.694281
1995,,1,,457,409,1,47,1944,1716,8,220,4255,3500,4195,3500,8475,5500,4650,4000,4.48,1,28080,0.31,0.64,0.55,56863.6,0.16,0.11,0.04,19190,14700,36755,19170,5440,23990,0.707602
1996,,1,,481,431,1,50,2107,1847,12,248,4380,3575,4290,3500,11740,8500,4970,4070,4.51,1,30135,0.35,0.62,0.54,57552.1,0.15,0.11,0.04,20740,15125,36780,20700,12285,30620,0.724261
1997,,1,,501,448,0,53,2314,2023,11,280,4615,3940,4515,3750,11335,10250,5250,4335,4.62,1,31915,0.37,0.59,0.52,58858.8,0.15,0.1,0.04,22090,16690,37620,22035,21840,38715,0.732323
1998,,1,,534,473,0,61,2509,2162,9,338,4700,4000,4575,3840,11945,8500,5500,4600,4.66,2,33240,0.39,0.58,0.52,58367.6,0.14,0.1,0.04,23500,17930,37390,23470,29750,34075,0.738253
1999,,1,,578,507,0,71,2860,2419,9,432,4945,4250,4765,4185,10595,8500,6070,5075,4.58,2,34530,0.4,0.56,0.52,57620.3,0.15,0.11,0.04,24485,18245,38805,24420,33885,31585,0.753413
2000,,1,,632,552,0,81,3295,2758,12,525,5210,4435,5000,4415,11310,10000,6490,5500,4.63,2,36490,0.41,0.54,0.53,58365.5,0.15,0.1,0.04,25445,19155,39550,25405,30585,32480,0.77168
2001,,1,,706,618,1,89,3827,3178,12,637,5415,4725,5145,4500,9990,6625,7140,5900,4.62,2,37840,0.43,0.53,0.53,58165.4,0.15,0.1,0.04,26520,19595,40640,26450,22840,33410,0.779909
2002,,1,,810,715,1,95,4572,3804,28,740,5645,4970,5320,4665,11505,10500,7780,6550,4.69,2,39400,0.44,0.55,0.54,58452,0.15,0.1,0.04,27155,19930,41795,27110,32100,36960,0.796383
2003,,1,,940,834,0,107,5503,4576,27,901,5855,5250,5490,5065,11920,11155,8385,6945,4.78,2,38400,0.44,0.58,0.54,57953.7,0.16,0.11,0.04,26475,19465,40150,26430,36705,34330,0.811654
2004,,1,,1125,1003,1,124,6848,5647,45,1157,6085,5500,5630,5250,14185,15260,9360,7645,4.75,2,38375,0.43,0.6,0.53,57862.1,0.16,0.11,0.04,26510,19680,39560,26430,39330,37090,0.834702
2005,,1,,1235,1109,1,128,7653,6318,58,1277,6195,5735,5700,5465,13730,13875,10010,8100,4.78,2,38235,0.44,0.62,0.52,57603.4,0.16,0.11,0.04,26275,19155,39290,26185,41225,35825,0.858669
2006,,1,,1308,1189,1,120,8337,6991,77,1269,6375,6125,5880,5625,14320,15550,10540,8645,4.83,2,37465,0.44,0.64,0.52,57167.7,0.16,0.11,0.04,25520,18430,38625,25475,32530,35310,0.876992
2007,,1,,1411,1299,1,113,9197,7943,67,1187,6520,6375,6115,6100,13685,13130,10510,8570,4.89,3,36615,0.44,0.64,0.53,56883.1,0.17,0.11,0.04,24765,17890,37285,24715,32040,30590,0.906824
2008,,1,,1625,1524,1,104,12333,11139,87,1108,7590,7495,7310,7390,14850,16110,10700,8370,4.93,3,35640,0.43,0.65,0.53,56615.9,0.17,0.11,0.04,23660,17145,35965,23635,31510,29740,0.910217
2009,,1,,2086,1970,1,118,18029,16572,160,1297,8645,8750,8410,8680,16280,15065,10980,8500,4.87,3,33875,0.41,0.65,0.54,56019,0.18,0.11,0.04,21890,15755,34050,21855,30675,29075,0.929017
2010,,1,,2337,2199,2,143,18934,17333,145,1456,8105,7915,7885,7885,14820,14005,10210,7430,4.92,3,32620,0.41,0.66,0.54,55782.7,0.18,0.11,0.04,21055,15100,32700,21020,30260,27505,0.941916
2011,,1,,2324,2169,2,163,19352,17407,203,1742,8325,7605,8025,7525,16075,15375,10680,7545,4.97,3,32035,0.42,0.67,0.54,55801.6,0.18,0.11,0.04,20695,14695,31930,20670,29905,23425,0.965479
2012,,1,,2040,1940,2,104,16580,15258,163,1160,8125,7500,7865,7500,15320,15170,11200,8255,4.93,2,31310,0.43,0.68,0.54,55593.4,0.18,0.11,0.04,20000,13690,31210,19965,29445,26350,0.980216
2013,,1,,1823,1749,2,77,14912,13842,158,911,8180,7660,7915,7500,15300,14225,11810,8570,4.78,2,31085,0.45,0.68,0.53,55448.1,0.19,0.11,0.04,19715,13080,30560,19675,29595,29410,0.992323
2014,,1,,1684,1614,2,72,13846,12863,136,848,8220,7750,7965,7610,15810,15920,11740,8770,4.51,2,30935,0.47,0.68,0.52,55189.3,0.19,0.12,0.04,19775,12690,30025,19745,23595,25795,1
1970,,2,,9,9,0,0,9,8,0,0,985,890,965,890,1530,1515,,,5.01,0,,,,,,,,,,,,,,,0.209694
1971,,2,,12,12,0,0,13,12,0,0,1050,890,1040,890,1205,1335,,,4.54,1,,,,,,,,,,,,,,,0.217343
1972,,2,,14,14,0,0,18,17,1,0,1225,1070,1210,1070,1480,1335,,,5.02,1,,,,,,,,,,,,,,,0.224633
1973,,2,,14,14,0,0,17,16,1,0,1180,990,1155,980,1850,1335,,,5.33,1,,,,,,,,,,,,,,,0.24199
1974,,2,,15,14,1,0,20,19,1,0,1325,1335,1300,1315,1750,1780,,,5.09,1,,,,,,,,,,,,,,,0.269745
1975,,2,,19,18,1,0,26,24,1,0,1360,1335,1345,1335,1585,1485,,,6.01,1,,,,,,,,,,,,,,,0.287627
1976,,2,,22,21,1,0,30,28,1,0,1360,1335,1345,1335,1775,1780,,,6.16,1,,,,,,,,,,,,,,,0.302189
1977,,2,,30,29,1,0,46,43,2,0,1525,1335,1495,1335,1855,1335,,,7.08,2,,,,,,,,,,,,,,,0.322139
1978,,2,,42,40,1,0,65,62,3,0,1550,1335,1525,1335,1980,1780,,,6.18,1,,,,,,,,,,,,,,,0.346492
1979,,2,,69,67,2,0,119,114,5,0,1730,1495,1690,1425,2320,1875,,,6.1,2,,,,,,,,,,,,,,,0.381639
1980,,2,,132,129,3,0,237,230,8,0,1795,1780,1775,1780,2220,2135,,,5.68,1,,,,,,,,,,,,,,,0.42186
1981,,2,,230,226,3,0,459,448,11,0,1995,2225,1975,2225,2760,2225,2135,2640,5.5,1,,,,,,,,,,,,,,,0.452594
1982,,2,,224,220,3,1,446,436,9,1,1990,2225,1980,2225,2770,2225,2045,2200,5.39,1,,,,,,,,,,,,,,,0.474364
1983,,2,,255,251,3,1,511,498,10,2,2000,2225,1985,2225,2815,2225,2475,2640,5.5,1,,,,,,,,,,,,,,,0.491878
1984,,2,,276,271,3,2,551,537,9,5,2000,2225,1985,2225,2985,2225,2380,2480,5.35,1,,,,,,,,,,,,,,,0.509814
1985,,2,,308,302,4,2,618,602,10,5,2005,2225,1990,2225,2730,2225,2110,2200,5.29,1,,,,,,,,,,,,,,,0.528431
1986,,2,,289,284,2,3,574,562,6,6,1985,2225,1980,2225,2640,2225,2245,2600,5.39,1,,,,,,,,,,,,,,,0.536539
1987,,2,,243,238,1,3,474,462,4,8,1950,2225,1940,2225,4040,3050,2285,2510,5.43,2,,,,,,,,,,,,,,,0.556903
1988,,2,,244,237,1,6,524,501,6,17,2150,2225,2120,2225,5200,6290,2615,2640,5.52,2,,,,,,,,,,,,,,,0.580705
1989,,2,,248,240,1,7,554,530,6,19,2235,2315,2205,2315,4560,4340,2600,2640,5.61,2,,,,,,,,,,,,,,,0.60299
1990,,2,,243,234,1,9,571,541,6,24,2350,2500,2315,2500,5100,2625,2735,2640,5.65,2,,,,,,,,,,,,,,,0.631967
1991,,2,,270,260,1,10,686,653,5,27,2540,2625,2515,2600,4835,2625,2820,2945,5.83,2,,,,,,,,,,,,,,,0.648323
1992,,2,,297,284,1,12,753,712,6,34,2535,2625,2510,2625,4995,2800,2820,2890,5.95,2,,,,,,,,,,,,,,,0.665147
1993,,2,,319,309,1,9,844,810,6,27,2645,2625,2620,2625,5655,3565,3105,3000,5.93,3,,,,,,,,,,,,,,,0.679709
1994,,2,,360,353,1,6,1048,1016,9,23,2910,2625,2880,2625,9050,5615,3570,3250,6.23,3,,,,,,,,,,,,,,,0.694281
1995,,2,,367,360,1,6,1141,1110,8,23,3110,2625,3080,2625,9160,4455,3585,3085,6.33,3,30670,0.39,0.61,0.53,56367.4,0.13,0.09,0.04,22500,13740,44940,22495,11430,20570,0.707602
1996,,2,,389,381,1,7,1222,1185,9,29,3145,2625,3110,2625,10380,6625,3965,3500,6.39,4,31595,0.42,0.62,0.51,55029.5,0.12,0.1,0.04,23230,14170,44850,23220,16380,32185,0.724261
1997,,2,,414,407,1,7,1341,1303,8,30,3235,2625,3205,2625,11665,8000,4190,3875,6.55,4,33275,0.45,0.63,0.49,55298.6,0.13,0.1,0.04,24125,14345,45970,24125,29000,26125,0.732323
1998,,2,,419,412,0,8,1350,1316,2,33,3220,2625,3195,2625,5570,3065,4335,4000,6.46,4,35525,0.48,0.63,0.49,55416.4,0.11,0.09,0.04,26615,15685,48455,26615,2715,46460,0.738253
1999,,2,,394,387,0,8,1272,1236,3,34,3225,2625,3195,2625,6615,3315,4480,4000,6.48,4,37840,0.51,0.62,0.48,54602.7,0.1,0.09,0.04,28075,16315,49605,28065,21720,44860,0.753413
2000,,2,,402,394,0,8,1335,1294,3,38,3320,2625,3285,2625,6905,3500,4830,4000,6.5,5,39470,0.53,0.62,0.49,54086.3,0.1,0.09,0.04,30235,17205,50520,30240,19315,44645,0.77168
2001,,2,,416,407,1,8,1408,1365,4,39,3385,2625,3350,2625,5970,3155,4715,4000,6.57,5,40680,0.53,0.62,0.5,53971.2,0.1,0.09,0.04,30990,18190,51490,30985,30370,37630,0.779909
2002,,2,,503,494,0,8,1788,1737,4,47,3555,2625,3515,2625,7760,5680,5705,4000,6.46,5,41755,0.53,0.62,0.5,54586.8,0.1,0.09,0.04,32095,18435,53735,32095,28035,39785,0.796383
2003,,2,,605,593,1,11,2271,2206,4,60,3755,2625,3720,2625,6415,4525,5435,4245,6.4,5,41540,0.52,0.63,0.5,54950,0.1,0.09,0.04,31405,18130,52450,31385,27300,54245,0.811654
2004,,2,,688,675,0,13,2665,2588,2,75,3875,2810,3835,2710,5995,3040,5755,4500,6.23,5,41200,0.52,0.64,0.5,54797.8,0.11,0.09,0.04,30945,18255,51685,30925,25315,41595,0.834702
2005,,2,,746,730,0,16,2986,2882,5,99,4005,3235,3950,3125,7255,3525,6230,5000,6,5,41930,0.53,0.64,0.5,54887.6,0.11,0.09,0.04,31415,18085,52250,31380,49200,43355,0.858669
2006,,2,,775,759,0,16,3168,3061,4,102,4085,3310,4030,3310,7835,3255,6325,4500,5.93,5,42215,0.55,0.65,0.49,55140.6,0.11,0.09,0.04,31640,17655,51700,31600,42900,37990,0.876992
2007,,2,,803,789,0,15,3621,3518,5,98,4505,3500,4460,3500,9350,4900,6720,5000,5.84,4,42330,0.56,0.65,0.49,55165.8,0.12,0.09,0.04,31670,17605,51050,31650,51875,44890,0.906824
2008,,2,,862,850,0,13,4438,4345,5,88,5145,4250,5115,4225,11790,4305,6790,5000,5.58,4,42630,0.56,0.65,0.48,55379.5,0.12,0.09,0.04,31200,16480,51140,31180,30500,39850,0.910217
2009,,2,,1101,1088,0,13,6390,6283,4,103,5805,4855,5775,4820,8870,6010,7870,5500,5.29,4,42760,0.55,0.63,0.49,55716.1,0.12,0.09,0.04,30645,15995,51170,30630,78095,42470,0.929017
2010,,2,,1249,1236,1,14,7323,7215,10,99,5865,5000,5840,4970,6140,4750,7280,5220,5.05,3,40225,0.52,0.62,0.49,55558.1,0.13,0.09,0.04,27825,14935,49120,27820,28360,38490,0.941916
2011,,2,,1465,1448,2,18,8759,8606,14,138,5975,5000,5945,5000,6170,5000,7610,5445,4.88,3,39340,0.53,0.62,0.5,55704.5,0.13,0.09,0.04,26500,14195,47160,26490,26120,34390,0.965479
2012,,2,,1464,1450,1,13,8620,8492,8,119,5890,5000,5855,5000,5900,4500,9085,6400,4.55,2,38155,0.53,0.63,0.49,55659,0.14,0.1,0.04,25625,13325,45615,25605,38175,32925,0.980216
2013,,2,,1392,1382,0,11,7980,7872,6,102,5730,4815,5695,4780,6455,4245,9160,6200,4.22,2,38500,0.55,0.62,0.48,55876.8,0.15,0.1,0.04,25835,13120,44675,25835,34490,28945,0.992323
2014,,2,,1217,1207,0,12,7236,7121,5,110,5945,5250,5900,5250,9420,5000,9460,7310,3.93,1,39355,0.56,0.62,0.47,55963.7,0.15,0.1,0.04,26555,13125,45420,26565,40175,21645,1
1970,,3,,51,51,0,0,63,62,0,0,1240,890,1235,890,1335,1335,,,6.1,1,,,,,,,,,,,,,,,0.209694
1971,,3,,53,53,0,0,69,68,0,0,1295,1075,1290,1070,1170,1335,,,6.25,2,,,,,,,,,,,,,,,0.217343
1972,,3,,47,47,0,0,64,64,1,0,1360,1335,1345,1335,1340,1335,,,6.41,2,,,,,,,,,,,,,,,0.224633
1973,,3,,47,47,0,0,70,70,1,0,1510,1335,1490,1335,1475,1335,,,6.56,2,,,,,,,,,,,,,,,0.24199
1974,,3,,47,47,0,0,78,76,2,0,1660,1335,1625,1335,1615,1335,,,7.12,3,,,,,,,,,,,,,,,0.269745
1975,,3,,51,51,0,0,92,90,2,0,1805,1335,1760,1335,1950,1780,,,7.11,3,,,,,,,,,,,,,,,0.287627
1976,,3,,59,59,0,0,109,105,4,0,1865,1335,1795,1335,2175,1780,,,6.95,3,,,,,,,,,,,,,,,0.302189
1977,,3,,79,79,0,0,165,158,8,0,2095,1780,2000,1780,2625,2225,,,6.86,3,,,,,,,,,,,,,,,0.322139
1978,,3,,97,97,0,0,217,206,11,0,2245,1780,2130,1780,2675,2225,,,6.89,3,,,,,,,,,,,,,,,0.346492
1979,,3,,155,155,0,0,372,353,18,0,2405,2225,2285,2225,3210,2670,,,6.47,3,,,,,,,,,,,,,,,0.381639
1980,,3,,256,256,0,0,598,563,35,0,2340,2225,2205,2225,3320,3560,,,6.13,2,,,,,,,,,,,,,,,0.42186
1981,,3,,347,346,0,1,789,763,24,2,2280,2225,2210,2225,3630,4450,3045,2640,6.07,2,,,,,,,,,,,,,,,0.452594
1982,,3,,281,279,0,2,597,577,14,7,2125,2225,2070,2225,3520,4450,2920,2640,6.48,3,,,,,,,,,,,,,,,0.474364
1983,,3,,323,318,0,6,703,674,14,15,2175,2225,2120,2225,3930,4450,2540,2640,6.47,3,,,,,,,,,,,,,,,0.491878
1984,,3,,323,317,0,6,698,666,16,16,2160,2225,2105,2225,3520,3870,2540,2640,6.34,3,,,,,,,,,,,,,,,0.509814
1985,,3,,350,343,0,8,772,737,16,19,2205,2225,2150,2225,3830,4450,2570,2640,6.29,3,,,,,,,,,,,,,,,0.528431
1986,,3,,333,325,0,8,709,676,14,19,2130,2225,2080,2225,3855,4450,2460,2640,6.14,3,,,,,,,,,,,,,,,0.536539
1987,,3,,321,311,0,10,738,689,23,26,2300,2225,2215,2225,4865,4235,2660,2640,6.29,3,,,,,,,,,,,,,,,0.556903
1988,,3,,347,329,0,17,874,795,26,54,2525,2335,2415,2335,5415,5500,3100,3520,6.32,3,,,,,,,,,,,,,,,0.580705
1989,,3,,363,339,0,25,956,856,23,77,2630,2335,2525,2335,6035,6675,3110,3520,6.29,3,,,,,,,,,,,,,,,0.60299
1990,,3,,385,354,0,31,1122,998,24,100,2920,2625,2815,2625,6020,5890,3255,3520,6.36,4,,,,,,,,,,,,,,,0.631967
1991,,3,,441,403,0,39,1367,1213,29,126,3100,2625,3010,2625,6475,7500,3260,3520,6.4,4,,,,,,,,,,,,,,,0.648323
1992,,3,,487,441,0,47,1567,1389,27,152,3220,2625,3150,2625,6405,6895,3245,3520,6.42,4,,,,,,,,,,,,,,,0.665147
1993,,3,,539,500,0,39,1967,1778,37,152,3650,2625,3555,2625,8520,7500,3855,4000,6.45,4,,,,,,,,,,,,,,,0.679709
1994,,3,,621,586,0,36,2671,2416,68,187,4300,3500,4125,3500,10590,8500,5220,4000,6.58,4,,,,,,,,,,,,,,,0.694281
1995,,3,,644,608,0,36,2918,2643,70,205,4530,3500,4345,3500,10335,8755,5670,4500,6.5,4,39830,0.59,0.58,0.44,52720.1,0.14,0.15,0.04,30230,16400,45550,30205,22440,37805,0.707602
1996,,3,,702,659,0,43,3273,2937,80,256,4665,3500,4455,3500,11225,10000,5965,4770,6.61,4,40775,0.61,0.6,0.44,50189.6,0.14,0.15,0.04,31070,16835,45615,31060,23615,52705,0.724261
1997,,3,,746,699,0,47,3673,3286,91,296,4925,3750,4700,3500,11960,10000,6300,5000,6.7,4,41840,0.63,0.61,0.43,51319.6,0.15,0.14,0.04,32270,17410,46350,32235,27845,49855,0.732323
1998,,3,,759,712,0,48,3713,3318,85,310,4890,3700,4660,3500,12090,10735,6465,5000,6.63,5,43660,0.66,0.61,0.43,52655.2,0.15,0.12,0.04,33985,17930,47140,33935,25420,46875,0.738253
1999,,3,,760,711,0,50,3737,3316,86,335,4920,3740,4665,3500,11715,9640,6755,5240,6.65,5,44885,0.68,0.61,0.43,55038.6,0.14,0.1,0.04,34665,18045,48165,34630,29795,42045,0.753413
2000,,3,,784,731,0,53,4067,3581,111,375,5185,4000,4895,3765,13275,12335,7060,5605,6.56,5,46905,0.69,0.6,0.44,54954.9,0.15,0.11,0.04,36710,18955,49880,36685,32530,41485,0.77168
2001,,3,,816,761,0,55,4277,3778,83,416,5245,4130,4960,3940,11630,8500,7595,6000,6.53,5,48645,0.7,0.6,0.45,54962.2,0.15,0.11,0.04,38330,19245,50725,38280,34300,50315,0.779909
2002,,3,,884,824,1,61,4799,4209,97,493,5430,4475,5110,4125,12560,9840,8105,6250,6.45,5,50290,0.7,0.6,0.44,55214.2,0.15,0.11,0.04,39435,20015,52405,39390,34930,41510,0.796383
2003,,3,,980,908,0,73,5579,4838,102,639,5690,5000,5325,4625,12580,9625,8770,7000,6.34,5,50015,0.69,0.61,0.44,55111.9,0.15,0.11,0.04,38495,20055,51670,38455,36310,49690,0.811654
2004,,3,,1058,973,1,86,6230,5281,134,815,5890,5250,5425,4905,13680,12805,9500,7775,6.18,5,50670,0.7,0.62,0.44,55215.6,0.15,0.11,0.04,38890,19955,52115,38855,37390,46310,0.834702
2005,,3,,1092,1002,1,91,6643,5572,127,944,6085,5330,5560,5250,14780,14000,10410,8370,6.1,5,51300,0.7,0.62,0.43,55511.5,0.15,0.11,0.04,39270,20060,52225,39215,42450,44920,0.858669
2006,,3,,1105,1016,1,90,6807,5716,140,951,6160,5500,5625,5250,15290,13240,10510,8280,5.98,5,51195,0.72,0.63,0.43,55466.4,0.15,0.11,0.04,39215,20090,51355,39215,35040,39265,0.876992
2007,,3,,1114,1029,1,86,7190,6086,152,952,6455,5500,5915,5285,16655,14040,11045,9000,5.88,4,52025,0.73,0.62,0.42,55705,0.15,0.11,0.04,39590,19680,51405,39595,39720,39230,0.906824
2008,,3,,1140,1064,1,78,8278,7222,158,898,7260,5750,6790,5500,17245,14705,11510,9280,5.75,4,53270,0.74,0.61,0.42,56114,0.15,0.11,0.04,40600,19480,52155,40585,39260,42475,0.910217
2009,,3,,1302,1216,1,88,10407,9155,217,1035,7990,6500,7530,6500,17315,14510,11765,9290,5.59,4,53490,0.73,0.61,0.42,56556.8,0.15,0.11,0.04,40075,19085,52345,40065,37995,39845,0.929017
2010,,3,,1387,1283,1,106,10894,9445,232,1217,7855,6500,7360,6500,18765,15010,11450,8910,5.46,4,52465,0.72,0.61,0.42,56719.9,0.15,0.11,0.04,38410,18475,51460,38475,38440,31230,0.941916
2011,,3,,1544,1414,2,134,12547,10635,255,1657,8125,6500,7520,6500,18990,15375,12390,9825,5.23,3,51810,0.72,0.61,0.42,56874.9,0.15,0.11,0.04,37650,18105,49990,37825,40140,28090,0.965479
2012,,3,,1472,1379,1,95,11663,10162,214,1287,7920,6500,7370,6500,18970,16715,13530,10645,4.89,3,51030,0.72,0.61,0.42,57083,0.15,0.1,0.04,36760,17995,48630,36810,38460,31720,0.980216
2013,,3,,1418,1327,1,92,11238,9706,192,1340,7925,6500,7315,6500,20375,16850,14495,11595,4.51,3,51470,0.73,0.61,0.41,57240.6,0.15,0.11,0.04,36755,18045,48170,36820,38130,31280,0.992323
2014,,3,,1396,1302,2,96,11416,9780,184,1452,8175,6500,7515,6500,20795,16000,15070,12190,4.12,2,51635,0.74,0.62,0.4,57260.1,0.15,0.11,0.04,36860,17365,48045,36960,32630,28740,1
1970,,4,,61,61,0,0,72,71,0,0,1170,890,1160,890,1310,1335,,,4.87,1,,,,,,,,,,,,,,,0.209694
1971,,4,,69,69,0,0,86,86,0,0,1250,1070,1240,1070,1355,1155,,,5.66,1,,,,,,,,,,,,,,,0.217343
1972,,4,,68,68,0,0,87,87,0,0,1285,1245,1280,1245,970,895,,,6.44,2,,,,,,,,,,,,,,,0.224633
1973,,4,,60,60,0,0,80,80,0,0,1335,1335,1325,1335,1165,1275,,,6.82,2,,,,,,,,,,,,,,,0.24199
1974,,4,,62,62,0,0,93,92,1,0,1500,1335,1485,1335,1740,1335,,,6.84,3,,,,,,,,,,,,,,,0.269745
1975,,4,,65,65,0,0,99,98,1,0,1530,1335,1515,1335,1235,980,,,7.21,3,,,,,,,,,,,,,,,0.287627
1976,,4,,75,75,0,0,117,116,2,0,1560,1335,1540,1335,1515,1335,,,7.22,3,,,,,,,,,,,,,,,0.302189
1977,,4,,99,99,0,0,170,166,4,0,1715,1335,1680,1335,1960,1660,,,7.03,3,,,,,,,,,,,,,,,0.322139
1978,,4,,129,129,0,0,235,230,6,0,1820,1780,1780,1690,1890,1780,,,7.1,3,,,,,,,,,,,,,,,0.346492
1979,,4,,213,213,0,0,410,402,8,0,1925,1780,1885,1780,2150,1780,,,6.65,3,,,,,,,,,,,,,,,0.381639
1980,,4,,357,357,0,0,721,704,17,0,2020,2225,1970,2225,2225,2225,,,6.34,2,,,,,,,,,,,,,,,0.42186
1981,,4,,556,554,0,1,1225,1203,18,4,2205,2225,2170,2225,2910,2225,2790,2640,6.24,2,,,,,,,,,,,,,,,0.452594
1982,,4,,459,455,0,4,943,924,9,10,2055,2225,2030,2225,2850,2225,2550,2640,6.49,3,,,,,,,,,,,,,,,0.474364
1983,,4,,491,482,0,10,1034,999,9,27,2105,2225,2075,2225,2845,2225,2795,2640,6.59,3,,,,,,,,,,,,,,,0.491878
1984,,4,,553,540,0,13,1169,1125,9,35,2115,2225,2085,2225,2750,2225,2665,2640,6.46,3,,,,,,,,,,,,,,,0.509814
1985,,4,,597,580,0,17,1287,1229,12,46,2160,2225,2120,2225,3560,3605,2685,2640,6.27,3,,,,,,,,,,,,,,,0.528431
1986,,4,,543,526,0,17,1142,1087,10,45,2105,2225,2065,2225,3245,2670,2660,2640,6.3,3,,,,,,,,,,,,,,,0.536539
1987,,4,,527,506,0,21,1180,1103,12,65,2240,2225,2180,2225,3720,3225,3040,2640,6.38,3,,,,,,,,,,,,,,,0.556903
1988,,4,,549,515,0,34,1320,1202,13,105,2405,2315,2335,2225,3960,3520,3100,3520,6.36,4,,,,,,,,,,,,,,,0.580705
1989,,4,,582,535,0,47,1490,1318,15,157,2560,2335,2465,2335,4320,3560,3315,3520,6.36,4,,,,,,,,,,,,,,,0.60299
1990,,4,,634,574,0,60,1825,1609,17,199,2880,2625,2805,2625,4775,3875,3300,3520,6.29,4,,,,,,,,,,,,,,,0.631967
1991,,4,,716,641,0,76,2189,1910,26,254,3060,2625,2980,2625,4890,4000,3350,3520,6.22,4,,,,,,,,,,,,,,,0.648323
1992,,4,,812,724,0,89,2611,2273,27,311,3215,2625,3140,2625,5465,5000,3490,3520,6.21,4,,,,,,,,,,,,,,,0.665147
1993,,4,,906,836,0,72,3396,3072,36,289,3745,3200,3675,3000,6095,5500,4035,4000,6.27,4,,,,,,,,,,,,,,,0.679709
1994,,4,,1055,981,0,75,4695,4248,61,385,4450,3500,4330,3500,7480,6860,5150,4000,6.26,4,,,,,,,,,,,,,,,0.694281
1995,,4,,1100,1020,0,81,5144,4640,60,443,4675,3665,4550,3500,7440,6450,5490,4540,6.32,4,49975,0.7,0.57,0.39,58618.6,0.14,0.09,0.04,41905,17030,56595,41905,28020,39920,0.707602
1996,,4,,1216,1121,0,95,5929,5296,70,563,4875,4000,4725,3720,8340,7775,5935,5000,6.33,4,51555,0.73,0.58,0.39,52071.2,0.1,0.11,0.04,43655,17030,58055,43625,25495,48465,0.724261
1997,,4,,1293,1188,0,105,6503,5754,87,662,5030,4065,4845,3915,8765,8500,6275,5290,6.33,4,52580,0.75,0.59,0.38,52451.7,0.09,0.1,0.04,45485,17440,58260,45490,24270,46690,0.732323
1998,,4,,1322,1204,0,119,6729,5836,101,792,5090,4195,4845,3955,9255,8500,6680,5500,6.34,4,54640,0.77,0.59,0.38,55686.4,0.13,0.1,0.04,47625,18380,59030,47630,29015,47530,0.738253
1999,,4,,1312,1193,1,120,6659,5739,98,821,5075,4055,4815,3750,9725,8500,6830,5765,6.34,4,56690,0.79,0.6,0.38,59285.8,0.11,0.08,0.03,49445,18610,60155,49435,32145,50005,0.753413
2000,,4,,1350,1223,0,128,7122,6080,92,951,5275,4430,4975,4000,9975,8500,7420,6000,6.26,4,58990,0.8,0.59,0.38,60065.5,0.11,0.08,0.03,51700,19730,61755,51715,40030,50005,0.77168
2001,,4,,1381,1248,1,134,7382,6249,100,1032,5345,4665,5010,4195,10715,8500,7685,6500,6.23,4,60910,0.81,0.59,0.39,59931.6,0.12,0.08,0.03,53170,20345,62865,53195,32535,50405,0.779909
2002,,4,,1474,1330,1,145,8116,6820,108,1188,5505,5000,5125,4510,10585,8500,8215,7000,6.18,5,62530,0.81,0.59,0.39,60012.3,0.12,0.08,0.03,54390,21220,63905,54375,40185,55460,0.796383
2003,,4,,1578,1406,1,173,9085,7413,128,1544,5760,5250,5270,4950,10755,9200,8930,7600,6.11,4,63105,0.81,0.59,0.38,60036.3,0.12,0.08,0.03,54420,21310,64100,54415,40455,52545,0.811654
2004,,4,,1666,1473,1,195,10011,7993,126,1893,6010,5500,5430,5250,11480,10500,9710,8415,5.98,4,63840,0.81,0.6,0.38,60213.3,0.12,0.08,0.03,55020,21125,64610,55050,38915,51285,0.834702
2005,,4,,1736,1526,1,212,10705,8390,136,2179,6170,5500,5500,5250,11810,10000,10295,8845,5.9,4,64455,0.82,0.6,0.38,60519.3,0.12,0.08,0.03,55270,21070,64900,55325,41870,50315,0.858669
2006,,4,,1732,1527,1,206,10756,8386,152,2219,6210,5500,5490,5250,12505,11045,10780,9400,5.77,4,65635,0.82,0.6,0.37,60849.9,0.12,0.08,0.03,56315,20695,65815,56415,45215,49105,0.876992
2007,,4,,1727,1535,1,193,11205,8895,164,2146,6490,5500,5795,5325,13820,11595,11115,9635,5.64,4,66515,0.83,0.6,0.37,61053.7,0.12,0.08,0.03,56810,20740,66210,56960,39450,47495,0.906824
2008,,4,,1772,1588,1,186,13050,10778,172,2100,7365,6250,6790,5500,13785,12500,11315,9905,5.51,4,67410,0.83,0.59,0.36,61421.4,0.12,0.08,0.03,56975,21015,66250,57075,40940,46370,0.910217
2009,,4,,1991,1787,2,207,16289,13641,249,2399,8180,7000,7635,6500,16060,14775,11595,10000,5.38,4,68495,0.83,0.59,0.36,61701.3,0.12,0.08,0.03,57095,20530,66805,57345,42855,41100,0.929017
2010,,4,,2079,1844,2,238,16745,13701,247,2796,8055,6500,7430,6500,14890,13210,11770,10000,5.29,4,67655,0.83,0.59,0.36,61929.7,0.12,0.08,0.03,55680,19670,65930,55970,43105,37860,0.941916
2011,,4,,2274,1999,4,280,19013,15123,304,3587,8360,7000,7565,6500,16610,14445,12810,10780,5.08,3,66615,0.82,0.59,0.36,62141.5,0.12,0.08,0.03,53860,19520,64190,54355,42860,32170,0.965479
2012,,4,,2203,1978,2,228,18283,14919,241,3123,8300,7000,7540,6500,16945,16015,13705,11775,4.76,3,65910,0.83,0.59,0.36,62339.8,0.12,0.08,0.03,53065,18770,62980,53280,44560,37235,0.980216
2013,,4,,2170,1944,2,228,18154,14564,241,3348,8365,7000,7490,6500,17330,16015,14695,12440,4.34,2,65940,0.83,0.59,0.36,62666.1,0.12,0.08,0.03,52700,18655,62330,53000,38580,34170,0.992323
2014,,4,,2156,1921,3,238,18563,14738,251,3574,8610,7500,7670,6500,18635,18735,15000,13000,3.81,2,65815,0.83,0.59,0.35,62707.4,0.12,0.08,0.03,52315,18400,62095,52765,40935,31820,1
1970,,5,,59,59,0,0,69,68,1,0,1180,890,1170,890,1210,1335,,,5.56,1,,,,,,,,,,,,,,,0.209694
1971,,5,,66,66,0,0,83,82,1,0,1260,1115,1250,1090,1245,1335,,,6,2,,,,,,,,,,,,,,,0.217343
1972,,5,,68,68,0,0,91,90,1,0,1335,1335,1325,1335,1080,1335,,,6.53,2,,,,,,,,,,,,,,,0.224633
1973,,5,,68,68,0,0,98,97,1,0,1430,1335,1415,1335,1415,1295,,,6.87,3,,,,,,,,,,,,,,,0.24199
1974,,5,,74,74,0,0,116,114,2,0,1560,1335,1540,1335,1370,1335,,,7.33,3,,,,,,,,,,,,,,,0.269745
1975,,5,,80,80,0,0,131,129,2,0,1630,1335,1600,1335,1520,1335,,,7.33,3,,,,,,,,,,,,,,,0.287627
1976,,5,,92,92,0,0,153,149,4,0,1665,1335,1625,1335,1635,1780,,,7.1,3,,,,,,,,,,,,,,,0.302189
1977,,5,,126,126,0,0,230,225,5,0,1830,1710,1785,1600,1735,1780,,,6.92,3,,,,,,,,,,,,,,,0.322139
1978,,5,,165,165,0,0,323,314,10,0,1965,1780,1905,1780,2225,1870,,,6.82,3,,,,,,,,,,,,,,,0.346492
1979,,5,,292,292,0,0,623,607,16,0,2130,2225,2075,2225,2380,2225,,,6.28,3,,,,,,,,,,,,,,,0.381639
1980,,5,,506,506,0,0,1114,1077,37,0,2200,2225,2125,2225,2760,2225,,,5.86,3,,,,,,,,,,,,,,,0.42186
1981,,5,,765,760,0,6,1787,1735,34,17,2335,2225,2285,2225,3400,4450,3065,2640,5.78,3,,,,,,,,,,,,,,,0.452594
1982,,5,,589,580,0,9,1266,1222,16,28,2150,2225,2110,2225,3270,3095,2935,2640,6.11,3,,,,,,,,,,,,,,,0.474364
1983,,5,,584,565,0,19,1291,1218,17,56,2210,2225,2155,2225,3780,4450,2940,2640,6.2,3,,,,,,,,,,,,,,,0.491878
1984,,5,,649,624,0,24,1449,1362,17,70,2235,2225,2180,2225,3705,4450,2900,2640,6.12,3,,,,,,,,,,,,,,,0.509814
1985,,5,,688,656,0,32,1550,1438,18,94,2255,2225,2190,2225,3930,4450,2935,2640,5.92,3,,,,,,,,,,,,,,,0.528431
1986,,5,,614,585,0,28,1352,1259,14,80,2205,2225,2150,2225,3840,4450,2805,2640,5.91,3,,,,,,,,,,,,,,,0.536539
1987,,5,,590,562,0,29,1410,1297,22,91,2390,2225,2310,2225,4890,4450,3170,2640,5.98,4,,,,,,,,,,,,,,,0.556903
1988,,5,,581,539,0,42,1509,1334,25,150,2600,2335,2480,2335,5280,5280,3545,3520,5.99,4,,,,,,,,,,,,,,,0.580705
1989,,5,,600,542,0,58,1624,1397,21,206,2705,2335,2575,2335,5310,5240,3535,3520,5.89,4,,,,,,,,,,,,,,,0.60299
1990,,5,,655,583,0,72,1994,1705,33,256,3045,2625,2920,2625,6310,6600,3565,3520,5.83,4,,,,,,,,,,,,,,,0.631967
1991,,5,,727,639,0,88,2343,1987,38,318,3220,2625,3105,2625,6365,6890,3600,3520,5.74,4,,,,,,,,,,,,,,,0.648323
1992,,5,,803,697,0,107,2694,2255,47,391,3355,2625,3235,2625,6900,7500,3660,3520,5.71,4,,,,,,,,,,,,,,,0.665147
1993,,5,,881,785,0,97,3569,3037,52,480,4050,3500,3870,3500,9045,7500,4965,4000,5.73,4,,,,,,,,,,,,,,,0.679709
1994,,5,,1038,927,0,111,5070,4169,109,793,4885,3800,4495,3500,9915,8500,7140,5000,5.77,4,,,,,,,,,,,,,,,0.694281
1995,,5,,1083,960,0,123,5532,4453,129,951,5110,4000,4640,3565,10210,8500,7715,6000,5.74,4,63885,0.82,0.54,0.29,63610.1,0.13,0.09,0.03,55700,15405,65580,55715,28085,55480,0.707602
1996,,5,,1184,1041,0,143,6198,4905,121,1171,5235,4375,4710,3760,11255,10080,8185,6500,5.8,4,65635,0.85,0.54,0.28,65752.8,0.11,0.08,0.03,58095,16755,66425,58085,32890,61695,0.724261
1997,,5,,1253,1095,0,159,6781,5262,126,1393,5410,4665,4805,4000,11510,10565,8760,7000,5.8,4,66725,0.86,0.55,0.28,64484.2,0.12,0.08,0.03,59265,17525,66945,59215,34380,64210,0.732323
1998,,5,,1278,1112,1,166,6942,5302,130,1510,5435,4665,4765,3980,12415,11645,9110,7210,5.84,4,68920,0.88,0.55,0.27,66939.1,0.11,0.08,0.03,61800,17875,68365,61815,38475,58575,0.738253
1999,,5,,1262,1100,1,162,6763,5132,99,1532,5360,4415,4665,3660,12205,11695,9435,7550,5.85,4,70755,0.89,0.55,0.28,67222.8,0.09,0.07,0.03,63400,18120,69385,63385,52465,64915,0.753413
2000,,5,,1323,1145,1,179,7381,5521,116,1744,5580,4895,4825,4000,12395,10680,9765,8000,5.82,4,73210,0.89,0.55,0.28,67391.4,0.09,0.07,0.03,65625,18535,71275,65605,47345,66720,0.77168
2001,,5,,1340,1158,1,182,7606,5582,130,1895,5680,5000,4820,4000,13355,13610,10395,8370,5.79,4,76700,0.9,0.56,0.28,67835.5,0.09,0.07,0.03,67795,19290,73430,67820,43860,65050,0.779909
2002,,5,,1376,1176,1,200,8056,5734,121,2202,5855,5250,4875,4375,13415,13910,10995,9000,5.74,4,79260,0.9,0.55,0.28,68053.7,0.09,0.07,0.03,70015,20130,75735,70095,47840,57995,0.796383
2003,,5,,1438,1217,1,222,8864,6093,140,2631,6165,5500,5005,4810,13685,12485,11855,10000,5.7,4,80935,0.9,0.55,0.27,68016.7,0.09,0.07,0.03,71015,20095,76930,71100,51265,59355,0.811654
2004,,5,,1497,1245,1,252,9723,6286,136,3301,6495,5500,5050,5100,14460,14545,13080,10250,5.61,4,81640,0.9,0.55,0.27,68298.5,0.09,0.07,0.03,71200,20505,77090,71295,60635,60810,0.834702
2005,,5,,1529,1266,1,264,10222,6409,127,3687,6685,5500,5060,5105,14405,15380,13955,11420,5.55,4,82225,0.9,0.55,0.27,68505,0.09,0.07,0.03,71595,21085,77565,71760,54200,59520,0.858669
2006,,5,,1527,1276,1,252,10166,6371,139,3656,6660,5500,4995,4995,15525,15110,14520,12000,5.45,4,82945,0.91,0.55,0.27,68608.9,0.09,0.07,0.03,72345,20580,77870,72475,50615,57925,0.876992
2007,,5,,1483,1248,1,235,10290,6624,162,3504,6940,5500,5305,4940,18260,17075,14885,12070,5.35,4,83640,0.91,0.55,0.27,68951.3,0.09,0.07,0.03,72975,20290,78305,73170,58300,55865,0.906824
2008,,5,,1496,1276,1,221,11598,8144,173,3281,7755,6070,6380,5500,18260,16635,14875,12110,5.2,4,86215,0.91,0.55,0.26,69369,0.09,0.07,0.03,74320,20165,79705,74620,54795,51205,0.910217
2009,,5,,1647,1397,1,251,13912,9782,257,3873,8450,6500,7000,6500,21545,20500,15455,12660,5.08,4,89325,0.91,0.55,0.26,70069.1,0.08,0.07,0.03,75940,21310,81465,76245,57750,51150,0.929017
2010,,5,,1693,1424,1,271,14414,9853,259,4302,8515,6500,6920,6500,21860,19315,15885,13250,5.02,3,88550,0.91,0.55,0.26,70403.7,0.08,0.07,0.03,75190,21000,80930,75670,60070,44885,0.941916
2011,,5,,1788,1506,2,284,15592,10476,286,4830,8720,6500,6955,6500,21605,20500,16995,14000,4.82,3,87655,0.91,0.55,0.26,70835.2,0.09,0.07,0.03,73710,19965,79750,74270,59280,41645,0.965479
2012,,5,,1717,1474,1,244,14768,10179,205,4384,8600,6500,6905,6500,22025,20500,17935,15000,4.42,3,86865,0.91,0.55,0.26,70839.2,0.09,0.07,0.03,72490,19035,78520,72950,52830,41270,0.980216
2013,,5,,1699,1456,2,244,14657,9937,215,4505,8630,6500,6825,6500,23400,20500,18470,15000,4.06,2,86125,0.91,0.55,0.25,70964.5,0.09,0.07,0.03,71700,19450,77685,72195,49550,41570,0.992323
2014,,5,,1698,1451,2,248,15038,10076,239,4723,8860,6500,6945,6500,23735,20500,19050,15760,3.58,2,87095,0.91,0.55,0.25,71230.6,0.09,0.07,0.03,71785,18845,77890,72455,46635,41245,1
1970,,6,,12,0,12,0,18,0,18,0,1455,1335,,,1455,1335,,,4.05,1,,,,,,,,,,,,,,,0.209694
1971,,6,,15,0,15,0,22,0,22,0,1450,1335,,,1450,1335,,,4.51,1,,,,,,,,,,,,,,,0.217343
1972,,6,,18,0,18,0,25,0,25,0,1415,1335,,,1415,1335,,,5.37,2,,,,,,,,,,,,,,,0.224633
1973,,6,,22,0,22,0,37,0,37,0,1670,1335,,,1670,1335,,,5.66,2,,,,,,,,,,,,,,,0.24199
1974,,6,,25,0,25,0,46,0,46,0,1875,1500,,,1875,1500,,,6.03,3,,,,,,,,,,,,,,,0.269745
1975,,6,,30,0,30,0,57,0,57,0,1915,1780,,,1915,1780,,,5.69,3,,,,,,,,,,,,,,,0.287627
1976,,6,,41,0,41,0,78,0,78,0,1925,1780,,,1925,1780,,,6.01,3,,,,,,,,,,,,,,,0.302189
1977,,6,,53,0,53,0,135,0,135,0,2525,2225,,,2525,2225,,,6.15,3,,,,,,,,,,,,,,,0.322139
1978,,6,,75,0,75,0,222,0,222,0,2955,2225,,,2955,2225,,,5.91,3,,,,,,,,,,,,,,,0.346492
1979,,6,,122,0,122,0,398,0,398,0,3275,3045,,,3275,3045,,,5.56,2,,,,,,,,,,,,,,,0.381639
1980,,6,,201,0,201,0,723,0,723,0,3600,4185,,,3600,4185,,,5.06,2,,,,,,,,,,,,,,,0.42186
1981,,6,,334,0,334,0,1367,0,1367,0,4095,4450,,,4095,4450,,,4.89,2,,,,,,,,,,,,,,,0.452594
1982,,6,,278,0,278,0,1130,0,1130,0,4060,4450,,,4060,4450,,,5.45,3,,,,,,,,,,,,,,,0.474364
1983,,6,,296,0,296,0,1259,0,1259,0,4250,4450,,,4250,4450,,,5.69,3,,,,,,,,,,,,,,,0.491878
1984,,6,,326,0,326,0,1422,0,1422,0,4360,4450,,,4360,4450,,,5.83,4,,,,,,,,,,,,,,,0.509814
1985,,6,,341,0,341,0,1537,0,1537,0,4510,4450,,,4510,4450,,,6.11,4,,,,,,,,,,,,,,,0.528431
1986,,6,,312,0,312,0,1393,0,1393,0,4455,4450,,,4455,4450,,,6.18,4,,,,,,,,,,,,,,,0.536539
1987,,6,,300,0,300,0,1677,0,1677,0,5580,4575,,,5580,4575,,,6.43,5,,,,,,,,,,,,,,,0.556903
1988,,6,,316,0,316,0,1987,0,1987,0,6280,6675,,,6280,6675,,,6.41,5,,,,,,,,,,,,,,,0.580705
1989,,6,,325,0,325,0,2170,0,2170,0,6670,6675,,,6670,6675,,,6.43,5,,,,,,,,,,,,,,,0.60299
1990,,6,,352,0,352,0,2686,0,2686,0,7625,7500,,,7625,7500,,,6.45,5,,,,,,,,,,,,,,,0.631967
1991,,6,,389,0,389,0,3105,0,3105,0,7990,7500,,,7990,7500,,,6.42,5,,,,,,,,,,,,,,,0.648323
1992,,6,,422,0,422,0,3457,0,3457,0,8200,7500,,,8200,7500,,,6.46,5,,,,,,,,,,,,,,,0.665147
1993,,6,,445,0,445,0,4340,0,4340,0,9755,7500,,,9755,7500,,,6.46,5,,,,,,,,,,,,,,,0.679709
1994,,6,,529,0,529,0,6062,0,6062,0,11465,9430,,,11465,9430,,,6.47,5,,,,,,,,,,,,,,,0.694281
1995,,6,,547,0,547,0,6652,0,6652,0,12155,10750,,,12155,10750,,,6.57,5,32095,0.04,0.57,0.24,66568.4,0.12,0.1,0.04,19785,18635,61125,,19785,,0.707602
1996,,6,,592,0,592,0,7487,0,7487,0,12650,11655,,,12650,11655,,,6.76,5,34525,0.09,0.56,0.23,66292.7,0.12,0.08,0.03,22240,19515,67130,,22240,,0.724261
1997,,6,,624,0,624,0,8370,0,8370,0,13410,12200,,,13410,12200,,,6.96,5,35950,0.14,0.55,0.24,67008.5,0.12,0.09,0.04,22965,19455,60945,,22965,,0.732323
1998,,6,,644,0,644,0,8730,0,8730,0,13555,12395,,,13555,12395,,,7.2,6,38100,0.2,0.56,0.24,68072.2,0.1,0.08,0.03,24575,19495,59620,,24575,,0.738253
1999,,6,,644,0,644,0,9174,0,9174,0,14235,13150,,,14235,13150,,,7.44,6,41615,0.28,0.57,0.25,67561.7,0.1,0.08,0.03,27090,18855,59055,,27090,,0.753413
2000,,6,,671,0,671,0,10086,0,10086,0,15030,14095,,,15030,14095,,,7.63,6,45090,0.36,0.58,0.26,67552.2,0.1,0.08,0.03,30765,19475,60510,,30765,,0.77168
2001,,6,,707,0,707,0,10738,0,10738,0,15190,14615,,,15190,14615,,,7.82,6,47725,0.41,0.59,0.25,68021.5,0.1,0.08,0.03,33520,20480,60345,,33520,,0.779909
2002,,6,,793,0,793,0,12397,0,12397,0,15630,15455,,,15630,15455,,,7.98,7,51535,0.45,0.6,0.25,68184.3,0.1,0.08,0.03,37210,22165,62040,,37210,,0.796383
2003,,6,,907,0,907,0,14308,0,14308,0,15780,16010,,,15780,16010,,,8.13,7,53130,0.49,0.6,0.25,67847.4,0.1,0.08,0.03,38850,22155,62275,,38850,,0.811654
2004,,6,,996,0,996,0,16117,0,16117,0,16175,16950,,,16175,16950,,,8.2,7,54880,0.51,0.61,0.26,67340.7,0.1,0.08,0.03,40770,22270,63530,,40770,,0.834702
2005,,6,,1060,0,1060,0,17406,0,17406,0,16430,17485,,,16430,17485,,,8.37,7,56225,0.53,0.61,0.26,66871.4,0.1,0.08,0.03,41790,22425,64215,,41790,,0.858669
2006,,6,,1094,0,1094,0,19608,0,19608,0,17925,18055,,,17925,18055,,,8.51,7,57680,0.56,0.62,0.26,66194.9,0.11,0.08,0.03,42845,21940,64720,,42845,,0.876992
2007,,6,,1160,0,1160,0,22913,0,22913,0,19755,18420,,,19755,18420,,,8.62,7,59395,0.58,0.62,0.27,66069.5,0.11,0.08,0.03,44730,22180,66420,,44730,,0.906824
2008,,6,,1240,0,1240,0,26037,0,26037,0,21000,19465,,,21000,19465,,,8.77,7,60135,0.59,0.63,0.27,65794.6,0.11,0.08,0.03,44665,22360,66015,,44665,,0.910217
2009,,6,,1396,0,1396,0,30589,0,30589,0,21915,19985,,,21915,19985,,,8.84,7,61210,0.6,0.63,0.27,65846,0.11,0.08,0.03,45185,22275,66215,,45185,,0.929017
2010,,6,,1487,0,1487,0,32437,0,32437,0,21810,19145,,,21810,19145,,,8.94,7,61770,0.61,0.63,0.27,65666.1,0.12,0.08,0.03,45390,21755,65825,,45390,,0.941916
2011,,6,,1574,0,1574,0,35493,0,35493,0,22550,19645,,,22550,19645,,,8.98,7,62020,0.62,0.63,0.28,65321.2,0.12,0.08,0.03,45250,22210,65245,,45250,,0.965479
2012,,6,,1486,0,1486,0,34056,0,34056,0,22910,20000,,,22910,20000,,,9.08,7,62485,0.63,0.64,0.28,64995.8,0.12,0.09,0.03,45115,21900,65135,,45115,,0.980216
2013,,6,,1424,0,1424,0,33421,0,33421,0,23465,20500,,,23465,20500,,,8.99,7,63080,0.64,0.64,0.29,64681.3,0.12,0.09,0.03,45590,22160,64110,,45590,,0.992323
2014,,6,,1422,0,1422,0,34127,0,34127,0,24000,20500,,,24000,20500,,,8.64,7,62860,0.65,0.65,0.29,64459.7,0.13,0.09,0.03,45150,21510,63420,,45150,,1
1970,,,1,9,8,0,0,9,9,1,0,1095,890,1065,890,1590,1335,,,3.83,0,,,,,,,,,,,,,,,0.209694
1971,,,1,10,10,0,0,12,12,0,0,1160,1335,1155,1245,1125,1335,,,4.15,0,,,,,,,,,,,,,,,0.217343
1972,,,1,13,13,1,0,16,16,1,0,1245,1335,1240,1285,1240,1335,,,4.08,0,,,,,,,,,,,,,,,0.224633
1973,,,1,12,11,1,0,15,14,1,0,1250,1335,1245,1335,1260,1335,,,5.09,0,,,,,,,,,,,,,,,0.24199
1974,,,1,14,13,1,0,19,18,1,0,1375,1335,1360,1335,1485,1335,,,5.79,0,,,,,,,,,,,,,,,0.269745
1975,,,1,17,17,0,0,25,24,1,0,1475,1335,1460,1335,1735,1780,,,5.53,0,,,,,,,,,,,,,,,0.287627
1976,,,1,21,20,1,0,32,30,1,0,1515,1335,1495,1335,1745,1690,,,5.16,0,,,,,,,,,,,,,,,0.302189
1977,,,1,28,27,1,0,46,44,2,0,1675,1335,1635,1335,2620,2225,,,5.23,0,,,,,,,,,,,,,,,0.322139
1978,,,1,39,38,1,0,69,65,4,0,1770,1670,1730,1600,2615,2225,,,5.33,0,,,,,,,,,,,,,,,0.346492
1979,,,1,56,54,2,0,109,104,5,0,1950,1915,1915,1910,2680,2225,,,5.04,0,,,,,,,,,,,,,,,0.381639
1980,,,1,96,93,2,0,188,180,8,0,1965,2225,1925,2225,2915,2225,,,4.79,0,,,,,,,,,,,,,,,0.42186
1981,,,1,160,155,4,0,338,324,14,1,2120,2225,2085,2225,2855,2225,2750,2640,4.64,0,,,,,,,,,,,,,,,0.452594
1982,,,1,199,194,4,1,417,403,12,2,2090,2225,2070,2225,2815,2225,2220,2435,4.63,0,,,,,,,,,,,,,,,0.474364
1983,,,1,287,281,3,3,608,591,10,6,2115,2225,2100,2225,2910,2225,2235,2640,4.41,0,,,,,,,,,,,,,,,0.491878
1984,,,1,372,362,3,6,801,778,9,14,2155,2225,2150,2225,2730,2225,2320,2640,4.5,0,,,,,,,,,,,,,,,0.509814
1985,,,1,508,496,4,8,1106,1077,11,18,2180,2225,2170,2225,2550,2225,2345,2640,4.13,0,,,,,,,,,,,,,,,0.528431
1986,,,1,633,618,4,11,1372,1336,9,26,2170,2225,2160,2225,2285,2225,2390,2640,3.87,0,,,,,,,,,,,,,,,0.536539
1987,,,1,773,755,3,15,1883,1833,10,41,2435,2335,2425,2335,2895,2335,2645,2640,3.6,0,,,,,,,,,,,,,,,0.556903
1988,,,1,902,873,3,26,2590,2508,12,69,2870,2335,2870,2335,3160,2335,2670,2845,3.49,0,,,,,,,,,,,,,,,0.580705
1989,,,1,851,814,2,35,2593,2489,11,94,3045,2335,3055,2335,3485,2335,2655,2730,3.37,0,,,,,,,,,,,,,,,0.60299
1990,,,1,652,616,2,35,1937,1831,10,96,2970,2625,2975,2625,3995,2625,2730,2985,3.61,0,,,,,,,,,,,,,,,0.631967
1991,,,1,516,484,2,31,1518,1423,8,87,2940,2625,2940,2625,3535,2625,2840,3155,3.85,0,,,,,,,,,,,,,,,0.648323
1992,,,1,410,381,1,28,1235,1150,6,79,3015,2625,3015,2625,4585,2935,2855,3335,3.99,0,,,,,,,,,,,,,,,0.665147
1993,,,1,309,285,1,24,984,891,4,90,3180,2625,3120,2625,4450,2625,3790,4000,4.11,1,,,,,,,,,,,,,,,0.679709
1994,,,1,289,265,1,23,1045,934,5,106,3620,2625,3525,2625,6665,4760,4530,4000,4.19,1,,,,,,,,,,,,,,,0.694281
1995,,,1,269,245,0,24,1021,909,3,109,3790,3125,3715,2920,8190,4800,4465,4000,4.22,1,24930,0.28,0.69,0.57,55700.1,0.18,0.12,0.04,16760,12605,33130,16750,0,22690,0.707602
1996,,,1,276,251,1,24,1096,976,9,112,3965,3315,3880,3285,12040,8500,4590,4000,4.19,1,26840,0.32,0.68,0.57,55552.8,0.18,0.12,0.04,17395,12680,33410,17390,9280,24405,0.724261
1997,,,1,271,245,0,25,1119,988,5,126,4130,3500,4025,3375,11320,10250,4960,4120,4.17,1,27615,0.34,0.66,0.56,56278.2,0.18,0.12,0.04,18540,13675,33320,18490,12150,38270,0.732323
1998,,,1,279,250,0,29,1178,1025,5,148,4220,3500,4100,3500,11620,6625,5130,4380,4.26,1,28815,0.37,0.66,0.55,55121.6,0.17,0.12,0.04,20020,14590,32115,19945,29225,34395,0.738253
1999,,,1,293,260,0,33,1278,1088,2,188,4365,3790,4185,3540,7550,6675,5715,4715,4.12,1,29405,0.38,0.65,0.56,55777.1,0.17,0.12,0.04,20560,14950,34125,20455,39230,32280,0.753413
2000,,,1,313,275,0,38,1405,1182,2,221,4490,3895,4305,3700,7535,6625,5770,4780,4.04,1,30725,0.39,0.63,0.57,56178.4,0.16,0.11,0.04,21095,15530,35120,21020,22880,28100,0.77168
2001,,,1,338,298,0,40,1563,1312,2,249,4630,4130,4410,3975,4685,5520,6225,5205,3.95,1,31725,0.41,0.61,0.58,56039.6,0.16,0.12,0.04,21980,15250,36240,21930,14135,29735,0.779909
2002,,,1,382,337,0,45,1809,1506,2,302,4740,4300,4470,4065,4065,3500,6775,5980,3.86,1,33850,0.42,0.63,0.58,56460.5,0.17,0.11,0.04,22345,14965,38565,22300,20685,32450,0.796383
2003,,,1,439,386,0,53,2173,1792,1,380,4945,4440,4640,4415,4295,4795,7115,6095,3.78,1,33110,0.43,0.65,0.58,55962.4,0.17,0.12,0.04,21700,14375,37490,21635,12625,31230,0.811654
2004,,,1,512,450,0,63,2654,2141,2,511,5180,4725,4760,4440,13290,12565,8065,6750,3.64,1,32670,0.44,0.66,0.57,55932.9,0.17,0.12,0.04,21320,13935,35995,21220,50660,34205,0.834702
2005,,,1,537,470,0,67,2831,2254,2,575,5270,4925,4795,4485,6310,5605,8550,7150,3.57,1,33065,0.46,0.66,0.56,56075.6,0.18,0.12,0.04,21295,13490,36350,21150,23925,29625,0.858669
2006,,,1,536,471,0,65,2885,2302,2,581,5380,5090,4885,4660,5915,5000,8950,7660,3.42,1,32655,0.47,0.68,0.56,55572.5,0.18,0.12,0.04,20715,12400,35825,20600,16745,32285,0.876992
2007,,,1,543,484,0,60,3042,2504,2,536,5600,5300,5175,5000,14390,8500,8965,7655,3.42,1,32255,0.48,0.68,0.56,55458.4,0.18,0.12,0.04,20700,12050,35010,20600,62085,30490,0.906824
2008,,,1,576,526,0,51,3662,3228,1,433,6360,6250,6140,6135,5845,4375,8525,7185,3.27,1,31240,0.47,0.69,0.56,55383,0.18,0.12,0.04,19495,11440,33495,19455,27360,27100,0.910217
2009,,,1,725,671,0,55,5257,4795,2,460,7250,7235,7150,7270,6440,7495,8380,6795,3.13,1,29875,0.45,0.68,0.57,54930.1,0.19,0.12,0.04,18155,10715,31860,18065,33000,25980,0.929017
2010,,,1,816,750,0,67,5802,5283,3,516,7115,6730,7045,6810,8500,7115,7755,6000,3.21,1,29925,0.46,0.67,0.57,55158.7,0.18,0.12,0.04,18440,10805,31100,18365,20345,24995,0.941916
2011,,,1,812,739,0,75,5757,5181,3,574,7090,6500,7010,6500,6695,6550,7650,5935,3.22,1,29650,0.47,0.68,0.56,55534.8,0.18,0.12,0.04,18370,10595,30810,18370,26725,19995,0.965479
2012,,,1,695,648,0,48,4961,4558,3,400,7140,6710,7040,6720,10530,7445,8320,6590,3.17,1,29255,0.49,0.69,0.56,55320.4,0.18,0.12,0.04,17860,10035,30100,17815,43290,24075,0.980216
2013,,,1,608,572,0,37,4392,4071,3,318,7225,7000,7120,7000,14490,13665,8675,6980,3.13,1,29520,0.52,0.69,0.55,55498.2,0.18,0.12,0.04,18135,9595,29490,18085,19475,21540,0.992323
2014,,,1,565,531,0,35,4161,3823,1,337,7360,7000,7200,7000,19035,18875,9685,7380,2.93,1,29320,0.53,0.7,0.54,55164.7,0.18,0.12,0.04,18205,9320,29325,18185,29615,19280,1
1970,,,2,2,2,0,0,2,2,0,0,1145,890,1150,890,890,890,,,2.82,0,,,,,,,,,,,,,,,0.209694
1971,,,2,3,3,0,0,3,3,0,0,1270,1335,1265,1335,665,630,,,2.97,1,,,,,,,,,,,,,,,0.217343
1972,,,2,2,2,0,0,3,3,0,0,1310,1335,1310,1335,,,,,3.66,1,,,,,,,,,,,,,,,0.224633
1973,,,2,2,2,0,0,3,3,0,0,1370,1335,1365,1335,1040,1335,,,4.05,1,,,,,,,,,,,,,,,0.24199
1974,,,2,3,3,0,0,4,4,0,0,1425,1335,1425,1335,,,,,5.61,1,,,,,,,,,,,,,,,0.269745
1975,,,2,4,3,0,0,6,6,0,0,1685,1335,1680,1335,1945,2115,,,5.39,1,,,,,,,,,,,,,,,0.287627
1976,,,2,4,4,0,0,7,6,0,0,1595,1335,1570,1335,2315,2225,,,4.91,1,,,,,,,,,,,,,,,0.302189
1977,,,2,6,6,0,0,12,11,1,0,2000,1780,1940,1780,2880,2225,,,6.15,1,,,,,,,,,,,,,,,0.322139
1978,,,2,11,11,0,0,22,21,1,0,2035,2225,2005,2225,2975,2225,,,5.61,1,,,,,,,,,,,,,,,0.346492
1979,,,2,19,18,0,0,40,39,1,0,2155,2225,2135,2225,2160,2090,,,6.16,1,,,,,,,,,,,,,,,0.381639
1980,,,2,35,33,1,0,75,71,4,0,2185,2225,2145,2225,2670,2225,,,5.77,1,,,,,,,,,,,,,,,0.42186
1981,,,2,52,50,2,0,123,114,9,0,2365,2225,2275,2225,4160,4450,2640,2640,5.57,1,,,,,,,,,,,,,,,0.452594
1982,,,2,57,55,2,0,131,124,7,0,2295,2225,2235,2225,4015,4450,2160,2640,5.04,1,,,,,,,,,,,,,,,0.474364
1983,,,2,85,81,2,2,205,192,10,3,2405,2225,2360,2225,4215,4450,2215,2640,5.08,1,,,,,,,,,,,,,,,0.491878
1984,,,2,106,99,4,3,261,232,21,8,2460,2225,2345,2225,4965,4450,2500,2640,5.15,1,,,,,,,,,,,,,,,0.509814
1985,,,2,120,112,5,4,295,262,23,11,2455,2225,2350,2225,4780,4450,2465,2640,5.18,1,,,,,,,,,,,,,,,0.528431
1986,,,2,124,114,4,6,301,266,19,16,2420,2225,2330,2225,4565,4450,2495,2640,5.09,1,,,,,,,,,,,,,,,0.536539
1987,,,2,134,121,3,10,370,322,20,28,2765,2335,2660,2335,5520,4660,2855,2640,4.98,1,,,,,,,,,,,,,,,0.556903
1988,,,2,153,135,4,15,491,417,29,46,3210,2335,3090,2335,6790,6675,3130,3520,4.88,1,,,,,,,,,,,,,,,0.580705
1989,,,2,155,134,4,18,517,434,28,55,3340,2335,3250,2335,7050,6675,3090,3520,4.62,1,,,,,,,,,,,,,,,0.60299
1990,,,2,166,143,3,20,577,488,27,62,3490,2625,3410,2625,7610,7500,3140,3520,4.69,2,,,,,,,,,,,,,,,0.631967
1991,,,2,174,148,4,23,675,569,33,73,3885,2625,3855,2625,7555,7500,3235,3520,4.55,2,,,,,,,,,,,,,,,0.648323
1992,,,2,188,158,5,26,741,609,46,86,3935,3165,3865,2625,8275,7500,3320,3520,4.54,2,,,,,,,,,,,,,,,0.665147
1993,,,2,187,155,7,25,832,650,86,97,4450,3500,4180,3125,10950,11500,3945,4000,4.72,2,,,,,,,,,,,,,,,0.679709
1994,,,2,199,166,10,23,1053,803,147,103,5285,4000,4830,3865,13920,12415,4520,4000,4.94,2,,,,,,,,,,,,,,,0.694281
1995,,,2,199,165,12,23,1082,807,165,110,5445,4250,4905,4060,13655,12000,4845,4000,5.02,2,34930,0.36,0.54,0.51,60034,0.1,0.09,0.04,25605,18885,42645,25445,34620,25290,0.707602
1996,,,2,219,179,14,26,1213,872,205,136,5540,4390,4865,4025,14115,13765,5330,4265,5.12,2,35850,0.39,0.52,0.5,61579.8,0.11,0.09,0.04,26310,20165,42670,26205,29800,42195,0.724261
1997,,,2,247,202,17,28,1440,1035,250,154,5830,4810,5115,4415,14625,15300,5510,4590,5.32,2,38000,0.4,0.49,0.47,62454,0.11,0.09,0.04,27520,21310,42660,27280,33365,40200,0.732323
1998,,,2,274,223,19,33,1594,1138,267,190,5820,4825,5110,4415,13845,14490,5825,4800,5.34,2,38545,0.41,0.48,0.48,62270.5,0.1,0.09,0.04,28380,22090,42590,28325,31010,33165,0.738253
1999,,,2,309,248,24,38,1936,1331,361,244,6260,5290,5380,4830,14930,16000,6375,5505,5.35,3,40380,0.41,0.47,0.48,60084.8,0.13,0.09,0.04,29420,22450,43590,29175,34050,30405,0.753413
2000,,,2,346,277,26,43,2311,1577,430,304,6685,5810,5685,5250,15850,18310,7140,6000,5.51,3,42375,0.43,0.46,0.48,61008.8,0.13,0.09,0.04,30550,24325,43420,30405,33305,37690,0.77168
2001,,,2,401,320,33,49,2792,1866,538,388,6960,6125,5830,5460,16175,18500,7885,6505,5.59,3,44155,0.44,0.47,0.48,60738.7,0.13,0.09,0.04,31860,24880,45060,31315,37205,38180,0.779909
2002,,,2,474,378,46,51,3504,2298,767,438,7395,6500,6080,5500,16070,18500,8665,7140,5.86,3,45400,0.44,0.5,0.48,60848.7,0.14,0.09,0.04,32965,26525,45110,32135,43745,43025,0.796383
2003,,,2,571,447,70,54,4432,2784,1127,521,7770,6625,6220,5955,15755,18500,9635,8000,6.27,4,44115,0.43,0.53,0.49,60342.9,0.14,0.09,0.04,32010,25975,43330,31125,41930,37550,0.811654
2004,,,2,708,554,96,60,5717,3506,1565,646,8070,6625,6335,6125,15885,18500,10725,9000,6.38,4,44480,0.42,0.56,0.48,60105.6,0.15,0.09,0.04,32345,26530,43720,31145,43280,40180,0.834702
2005,,,2,818,639,120,60,6731,4064,1964,703,8230,6625,6365,6475,15890,18500,11635,9515,6.51,4,43580,0.42,0.6,0.48,59402.6,0.15,0.1,0.04,31310,25580,42300,30005,41330,43415,0.858669
2006,,,2,907,718,136,55,7735,4689,2358,688,8525,6625,6535,6625,16830,18500,12405,10210,6.63,4,42245,0.41,0.62,0.48,58836.6,0.15,0.1,0.04,30045,24225,41510,28915,39020,39155,0.876992
2007,,,2,1025,815,159,53,8977,5438,2888,651,8755,7500,6670,6625,17720,18500,12240,10000,6.73,4,40980,0.42,0.63,0.48,58295.3,0.16,0.1,0.04,28795,22965,40385,27380,40035,30685,0.906824
2008,,,2,1236,998,187,53,12228,7911,3643,674,9895,8250,7925,7500,18945,20500,12790,10200,6.77,4,39815,0.41,0.64,0.49,57790.3,0.16,0.1,0.04,27340,21565,38565,25955,38090,33465,0.910217
2009,,,2,1578,1299,219,63,17144,11777,4531,836,10860,9500,9065,9500,19915,20245,13240,10660,6.67,4,37725,0.4,0.64,0.5,57107.3,0.17,0.1,0.04,25225,19590,36820,23895,36760,32845,0.929017
2010,,,2,1772,1448,253,76,17764,12049,4775,940,10020,9500,8320,8725,18295,16610,12360,9340,6.76,4,36195,0.39,0.65,0.51,56635,0.18,0.1,0.04,23880,18225,35285,22455,36420,28650,0.941916
2011,,,2,1776,1430,265,88,18687,12226,5293,1168,10525,9500,8550,8300,19210,16920,13255,9595,6.87,4,35590,0.4,0.66,0.51,56439.4,0.18,0.11,0.04,23290,17780,34410,21875,35720,25610,0.965479
2012,,,2,1600,1292,257,56,16401,10700,4941,760,10250,9335,8280,7835,18625,15920,13690,10300,6.86,4,34715,0.41,0.67,0.5,56272.9,0.18,0.11,0.04,22605,16735,33430,21120,33840,28350,0.980216
2013,,,2,1463,1177,249,41,15174,9771,4810,593,10375,9420,8305,7875,18670,15920,14640,11155,6.71,4,34310,0.43,0.68,0.5,55958.1,0.19,0.11,0.04,22115,15925,32650,20505,32715,36265,0.992323
2014,,,2,1363,1084,245,37,14463,9040,4911,511,10610,9500,8345,8005,19460,16585,13650,10550,6.49,3,34205,0.45,0.69,0.5,55759.5,0.19,0.11,0.04,22165,15495,32040,20595,31885,29790,1
1970,,,3,6,6,0,0,6,5,0,0,940,890,925,890,1555,1600,,,4.77,1,,,,,,,,,,,,,,,0.209694
1971,,,3,9,8,0,0,9,8,0,0,1025,890,1015,890,1200,1200,,,4.41,1,,,,,,,,,,,,,,,0.217343
1972,,,3,10,10,0,0,13,12,0,0,1220,950,1220,965,1090,890,,,4.87,1,,,,,,,,,,,,,,,0.224633
1973,,,3,11,10,0,0,12,12,0,0,1120,890,1110,890,1535,1290,,,4.74,0,,,,,,,,,,,,,,,0.24199
1974,,,3,11,10,0,0,14,13,1,0,1260,1235,1255,1235,1350,1255,,,4.62,1,,,,,,,,,,,,,,,0.269745
1975,,,3,14,13,0,0,18,17,1,0,1285,1155,1265,1155,1510,1335,,,5.81,1,,,,,,,,,,,,,,,0.287627
1976,,,3,16,15,1,0,20,19,1,0,1255,1275,1245,1245,1625,1560,,,5.95,1,,,,,,,,,,,,,,,0.302189
1977,,,3,22,21,1,0,30,29,1,0,1400,1335,1395,1335,1335,1335,,,7.04,2,,,,,,,,,,,,,,,0.322139
1978,,,3,31,30,1,0,45,43,2,0,1445,1335,1420,1335,1855,1780,,,6.08,1,,,,,,,,,,,,,,,0.346492
1979,,,3,53,52,1,0,88,85,3,0,1650,1335,1620,1335,1970,1780,,,6.08,1,,,,,,,,,,,,,,,0.381639
1980,,,3,109,107,2,0,190,185,6,0,1745,1670,1725,1645,1985,1780,,,5.66,1,,,,,,,,,,,,,,,0.42186
1981,,,3,196,194,2,0,385,378,7,0,1965,2225,1950,2225,2370,2225,1790,1495,5.5,1,,,,,,,,,,,,,,,0.452594
1982,,,3,193,191,2,0,379,372,5,1,1960,2225,1950,2225,2435,2225,1855,1980,5.3,1,,,,,,,,,,,,,,,0.474364
1983,,,3,224,221,2,1,440,433,6,2,1965,2225,1960,2225,2465,2225,2335,2640,5.47,1,,,,,,,,,,,,,,,0.491878
1984,,,3,244,241,2,2,482,473,5,4,1975,2225,1965,2225,2545,2225,2380,2200,5.3,1,,,,,,,,,,,,,,,0.509814
1985,,,3,272,268,3,2,538,527,7,4,1975,2225,1970,2225,2235,2225,2070,2200,5.28,1,,,,,,,,,,,,,,,0.528431
1986,,,3,258,255,2,2,508,500,4,4,1970,2225,1965,2225,2320,2225,2185,2200,5.43,1,,,,,,,,,,,,,,,0.536539
1987,,,3,214,211,0,3,409,402,1,6,1910,2225,1905,2225,2730,2225,2265,2250,5.47,2,,,,,,,,,,,,,,,0.556903
1988,,,3,211,206,0,5,433,419,2,12,2050,2205,2035,2205,4270,3985,2500,2310,5.63,2,,,,,,,,,,,,,,,0.580705
1989,,,3,213,207,1,6,451,435,2,14,2115,2225,2100,2225,2995,2335,2550,2640,5.7,2,,,,,,,,,,,,,,,0.60299
1990,,,3,210,203,1,7,475,454,2,19,2255,2400,2230,2390,3490,2625,2675,2510,5.73,2,,,,,,,,,,,,,,,0.631967
1991,,,3,236,227,0,8,580,556,2,22,2460,2555,2445,2530,3310,2205,2785,2800,5.93,2,,,,,,,,,,,,,,,0.648323
1992,,,3,261,251,1,10,634,604,2,28,2430,2540,2410,2515,3165,2325,2765,2700,6.05,3,,,,,,,,,,,,,,,0.665147
1993,,,3,285,277,0,7,724,703,2,20,2545,2625,2535,2625,2590,2625,2885,2640,6.01,3,,,,,,,,,,,,,,,0.679709
1994,,,3,327,322,0,5,917,900,2,15,2805,2625,2800,2625,3910,2625,3195,2965,6.29,3,,,,,,,,,,,,,,,0.694281
1995,,,3,338,333,0,5,1019,1000,2,17,3015,2625,3005,2625,3505,2625,3490,3000,6.4,4,30625,0.39,0.6,0.53,55994.7,0.13,0.09,0.04,22505,13570,45790,22495,11430,28050,0.707602
1996,,,3,361,355,0,6,1102,1080,1,21,3055,2625,3040,2625,2850,2565,3800,3420,6.46,4,31495,0.42,0.61,0.51,54072.9,0.11,0.1,0.04,23340,14230,45065,23355,9220,30930,0.724261
1997,,,3,390,385,0,5,1234,1213,1,20,3160,2625,3150,2625,3510,2625,3910,3500,6.63,4,33020,0.45,0.63,0.49,55307.9,0.12,0.09,0.04,24055,14340,46125,24055,22430,29785,0.732323
1998,,,3,398,392,0,5,1255,1232,1,22,3155,2625,3140,2625,4530,2625,4025,3695,6.54,4,35300,0.48,0.63,0.49,55051.5,0.11,0.09,0.04,26555,15540,48635,26555,2715,46460,0.738253
1999,,,3,376,370,0,6,1192,1164,3,26,3170,2625,3145,2625,5915,2965,4320,3965,6.54,5,37510,0.51,0.62,0.49,54476.9,0.1,0.09,0.04,27960,16185,49805,27960,25350,57305,0.753413
2000,,,3,382,376,0,6,1247,1217,2,28,3265,2625,3235,2625,4590,3315,4610,4000,6.56,5,39325,0.53,0.62,0.49,54034.8,0.1,0.09,0.04,30120,16985,50735,30135,19315,43750,0.77168
2001,,,3,396,389,0,6,1312,1282,2,28,3315,2625,3295,2625,4270,2625,4325,4000,6.61,5,40675,0.53,0.62,0.5,53944.5,0.1,0.09,0.04,31060,17960,51635,31060,25730,37630,0.779909
2002,,,3,481,475,0,6,1680,1645,2,33,3490,2625,3465,2625,4195,3665,5170,4000,6.52,5,41695,0.53,0.62,0.5,54601.3,0.1,0.09,0.04,32155,18405,53890,32160,26645,39785,0.796383
2003,,,3,582,572,1,9,2153,2105,3,45,3700,2625,3680,2625,4905,4415,5015,4000,6.44,5,41445,0.52,0.63,0.5,54950.4,0.1,0.09,0.04,31395,18175,52265,31390,27300,54245,0.811654
2004,,,3,664,653,0,11,2542,2481,1,60,3830,2665,3805,2650,4185,2625,5390,4445,6.28,5,41060,0.52,0.64,0.5,54743.5,0.11,0.09,0.04,30955,18350,51640,30945,5925,39700,0.834702
2005,,,3,720,707,0,14,2846,2766,2,78,3950,3065,3915,3000,3350,2975,5720,5000,6.02,5,41840,0.53,0.64,0.5,54886.4,0.11,0.09,0.04,31515,18150,52250,31465,50495,42785,0.858669
2006,,,3,750,737,0,14,3026,2947,2,76,4030,3310,4000,3280,4195,3100,5550,4125,5.94,5,42245,0.55,0.65,0.49,55175.1,0.11,0.09,0.04,31755,17745,51710,31735,30170,41640,0.876992
2007,,,3,776,764,0,13,3464,3382,3,79,4465,3500,4430,3500,6010,4410,6260,4500,5.86,5,42410,0.56,0.65,0.48,55226.1,0.11,0.09,0.04,31790,17785,51225,31765,27015,47790,0.906824
2008,,,3,834,823,0,11,4246,4180,1,65,5090,4115,5075,4090,3350,1750,6015,5000,5.59,4,42680,0.56,0.65,0.48,55427.9,0.12,0.09,0.04,31370,16615,51250,31355,28410,40720,0.910217
2009,,,3,1067,1056,0,11,6133,6055,2,77,5750,4750,5730,4750,4635,4750,7115,5000,5.32,4,42855,0.55,0.63,0.49,55756.3,0.12,0.09,0.04,30780,16135,51420,30770,73435,44675,0.929017
2010,,,3,1214,1203,1,11,7068,6984,7,77,5825,4875,5805,4855,5150,4500,6770,5000,5.07,3,40265,0.52,0.61,0.49,55567.8,0.13,0.09,0.04,27910,15020,49445,27905,28730,38550,0.941916
2011,,,3,1429,1414,2,16,8479,8356,12,111,5935,5000,5910,5000,5800,5000,7080,5150,4.89,3,39295,0.53,0.62,0.5,55715.4,0.13,0.09,0.04,26495,14225,47255,26490,26615,34135,0.965479
2012,,,3,1429,1418,1,11,8362,8261,7,95,5850,4940,5825,4905,5205,4285,8625,6175,4.55,2,38135,0.53,0.62,0.49,55691.3,0.14,0.1,0.04,25665,13360,45725,25655,34355,30585,0.980216
2013,,,3,1359,1351,0,9,7720,7639,4,77,5680,4750,5655,4750,4715,3950,8435,6000,4.22,2,38415,0.55,0.62,0.48,55903.1,0.15,0.1,0.04,25830,13130,44685,25825,22820,28585,0.992323
2014,,,3,1185,1177,0,9,6971,6890,1,80,5885,5250,5855,5230,3830,3500,8795,6975,3.92,1,39360,0.56,0.62,0.47,55985.7,0.15,0.1,0.04,26600,13140,45625,26610,32545,23985,1
1970,,,4,106,101,5,0,127,118,9,0,1195,890,1170,890,1420,1335,,,5.25,1,,,,,,,,,,,,,,,0.209694
1971,,,4,121,114,7,0,153,142,11,0,1260,1070,1240,1050,1420,1335,,,5.59,1,,,,,,,,,,,,,,,0.217343
1972,,,4,115,107,7,0,149,137,11,0,1295,1295,1280,1245,1380,1335,,,6.16,2,,,,,,,,,,,,,,,0.224633
1973,,,4,104,96,8,0,142,128,14,0,1360,1335,1330,1310,1525,1335,,,6.67,2,,,,,,,,,,,,,,,0.24199
1974,,,4,111,101,10,0,172,153,19,0,1545,1335,1505,1335,1740,1335,,,6.81,3,,,,,,,,,,,,,,,0.269745
1975,,,4,119,106,13,0,188,163,26,0,1580,1335,1530,1335,1765,1780,,,6.9,3,,,,,,,,,,,,,,,0.287627
1976,,,4,132,116,16,0,215,183,32,0,1630,1335,1575,1335,1775,1780,,,6.85,3,,,,,,,,,,,,,,,0.302189
1977,,,4,177,155,22,0,322,265,57,0,1820,1515,1715,1335,2240,1780,,,6.9,3,,,,,,,,,,,,,,,0.322139
1978,,,4,230,199,31,0,454,359,95,0,1970,1780,1805,1635,2650,2225,,,6.82,3,,,,,,,,,,,,,,,0.346492
1979,,,4,392,341,51,0,839,665,174,0,2140,1960,1950,1780,2975,2415,,,6.26,2,,,,,,,,,,,,,,,0.381639
1980,,,4,702,615,88,0,1576,1242,334,0,2245,2225,2020,2225,3285,3340,,,5.84,2,,,,,,,,,,,,,,,0.42186
1981,,,4,1121,966,154,2,2751,2105,642,4,2455,2225,2180,2225,3880,4450,2625,2640,5.77,2,,,,,,,,,,,,,,,0.452594
1982,,,4,885,752,128,5,2038,1511,514,13,2305,2225,2010,2225,3825,4450,2765,2640,6.08,3,,,,,,,,,,,,,,,0.474364
1983,,,4,933,783,138,12,2206,1603,569,34,2365,2225,2050,2225,3950,4450,2700,2640,6.24,3,,,,,,,,,,,,,,,0.491878
1984,,,4,1035,862,155,18,2482,1779,655,48,2395,2225,2065,2225,4030,4450,2630,2640,6.2,3,,,,,,,,,,,,,,,0.509814
1985,,,4,1108,921,162,25,2686,1918,700,69,2425,2225,2085,2225,4150,4450,2755,2640,6.1,3,,,,,,,,,,,,,,,0.528431
1986,,,4,1017,843,149,25,2419,1720,633,67,2380,2225,2040,2225,4070,4450,2645,2640,6.15,3,,,,,,,,,,,,,,,0.536539
1987,,,4,959,786,140,32,2463,1649,717,97,2570,2225,2095,2225,4885,4450,2995,2640,6.29,4,,,,,,,,,,,,,,,0.556903
1988,,,4,986,784,148,55,2759,1753,831,175,2800,2335,2235,2225,5375,5270,3200,3520,6.33,4,,,,,,,,,,,,,,,0.580705
1989,,,4,1037,807,155,76,3073,1895,926,252,2965,2335,2350,2240,5755,5905,3320,3520,6.34,4,,,,,,,,,,,,,,,0.60299
1990,,,4,1134,878,164,93,3766,2344,1113,310,3320,2625,2670,2600,6500,6755,3325,3520,6.29,4,,,,,,,,,,,,,,,0.631967
1991,,,4,1292,995,182,116,4542,2838,1314,389,3515,2625,2855,2625,6885,7400,3350,3520,6.22,4,,,,,,,,,,,,,,,0.648323
1992,,,4,1451,1115,201,136,5314,3347,1496,471,3665,2665,3000,2625,7120,7500,3450,3520,6.24,4,,,,,,,,,,,,,,,0.665147
1993,,,4,1638,1315,214,110,6933,4704,1788,441,4235,3500,3575,2850,7995,7500,4015,4000,6.25,4,,,,,,,,,,,,,,,0.679709
1994,,,4,1912,1559,246,108,9553,6566,2438,549,4995,3760,4210,3500,9365,8500,5070,4000,6.31,4,,,,,,,,,,,,,,,0.694281
1995,,,4,2017,1639,261,119,10676,7243,2778,655,5290,4050,4420,3500,10025,8500,5515,4645,6.3,4,47880,0.66,0.55,0.37,59262.8,0.14,0.09,0.04,37625,14850,56030,40080,16060,41685,0.707602
1996,,,4,2248,1819,282,149,12323,8295,3130,898,5480,4375,4560,3500,10540,8500,6040,5000,6.34,4,49875,0.69,0.56,0.36,54683,0.11,0.11,0.04,39875,15495,57200,42230,19110,59765,0.724261
1997,,,4,2381,1924,296,162,13455,8999,3431,1025,5650,4600,4680,3665,10970,9095,6330,5330,6.4,4,50905,0.71,0.57,0.36,53533.1,0.11,0.1,0.04,41540,15915,57670,43920,19960,56190,0.732323
1998,,,4,2430,1947,307,178,13810,9022,3614,1174,5685,4580,4635,3650,11190,9510,6610,5500,6.43,5,53120,0.74,0.57,0.35,56569.9,0.13,0.1,0.04,43925,16585,58475,46335,22415,51470,0.738253
1999,,,4,2399,1925,299,176,13766,8859,3708,1199,5740,4510,4600,3500,11840,10145,6815,5825,6.47,5,54940,0.76,0.58,0.36,59870.8,0.11,0.09,0.03,46005,16685,59540,48155,24900,56755,0.753413
2000,,,4,2480,1975,313,193,14922,9407,4130,1385,6020,4985,4765,3750,12590,10940,7175,6000,6.41,5,57140,0.77,0.57,0.36,60405.1,0.11,0.08,0.03,48220,17395,60970,50420,28540,55680,0.77168
2001,,,4,2537,2009,325,204,15507,9570,4389,1549,6115,5000,4765,3800,12920,11500,7590,6490,6.39,5,59190,0.78,0.58,0.36,60569.5,0.11,0.08,0.03,49845,17760,62275,52235,31235,53570,0.779909
2002,,,4,2712,2131,359,224,17224,10422,5013,1789,6350,5250,4890,4035,13405,12210,7975,7000,6.35,5,60890,0.78,0.58,0.36,60745.1,0.11,0.08,0.03,51465,18450,63635,53485,35325,56000,0.796383
2003,,,4,2934,2270,404,262,19641,11503,5868,2270,6695,5500,5065,4485,13940,12815,8670,7490,6.3,5,61480,0.78,0.58,0.36,60601.3,0.11,0.08,0.03,51350,18545,63875,53385,37030,58820,0.811654
2004,,,4,3112,2377,436,303,21824,12355,6580,2889,7010,5500,5195,4885,14580,13655,9545,8005,6.19,5,62105,0.78,0.58,0.35,60750.8,0.12,0.09,0.03,51470,18425,63945,53360,39275,52710,0.834702
2005,,,4,3220,2446,453,325,23296,12948,7033,3315,7235,5500,5295,5030,15035,14395,10195,8900,6.12,5,62780,0.79,0.58,0.35,61000.1,0.12,0.08,0.03,51750,18365,64060,53690,40295,51425,0.858669
2006,,,4,3224,2447,462,318,23868,12930,7621,3317,7405,5500,5285,5085,15950,14685,10430,9000,6.02,5,63550,0.79,0.58,0.35,61185.5,0.12,0.08,0.03,52465,18170,64385,54310,41420,48895,0.876992
2007,,,4,3216,2437,480,303,25448,13620,8543,3285,7910,5500,5590,5100,17295,15405,10840,9335,5.92,4,64260,0.8,0.58,0.35,61415.4,0.12,0.08,0.03,52920,17850,64815,54690,43410,47955,0.906824
2008,,,4,3338,2549,505,287,29348,16684,9505,3159,8795,6500,6545,5500,18260,16260,11000,9475,5.79,4,65855,0.81,0.58,0.34,61936.2,0.12,0.08,0.03,54015,18100,65760,55735,44235,47720,0.910217
2009,,,4,3752,2873,561,323,35330,20715,10896,3718,9420,7500,7210,6500,18805,16965,11530,9960,5.66,4,67420,0.81,0.58,0.34,62358.9,0.12,0.08,0.03,54750,18190,66495,56475,45465,45680,0.929017
2010,,,4,3989,3033,596,367,37771,21588,11864,4319,9470,7400,7115,6500,19265,17000,11775,10000,5.56,4,66880,0.8,0.58,0.34,62570.4,0.12,0.08,0.03,53615,17985,65875,55140,46210,39655,0.941916
2011,,,4,4287,3253,631,413,41448,23355,12966,5127,9670,7500,7180,6500,19945,17520,12410,10110,5.34,3,66075,0.8,0.58,0.34,62699.8,0.12,0.08,0.03,51930,17770,64125,53405,45930,33180,0.965479
2012,,,4,4115,3205,581,335,39660,22871,12308,4481,9635,7450,7135,6500,20620,18790,13390,11395,5.01,3,65535,0.81,0.58,0.34,62839.6,0.12,0.08,0.03,51180,17300,62895,51915,47585,37500,0.980216
2013,,,4,4019,3135,555,333,38849,22109,12087,4652,9665,7250,7050,6500,21265,19500,13965,12000,4.62,3,66095,0.82,0.58,0.33,63112.1,0.12,0.08,0.03,51490,17595,62695,52185,48640,36000,0.992323
2014,,,4,3977,3082,550,351,39846,22378,12373,5095,10020,7500,7260,6500,21970,20310,14525,12410,4.15,2,66510,0.82,0.58,0.33,63361.2,0.12,0.08,0.03,51725,17155,62565,52525,48305,35630,1
1970,,,5,3,3,0,0,3,3,0,0,1070,890,1050,890,1495,1425,,,5.5,0,,,,,,,,,,,,,,,0.209694
1971,,,5,4,4,0,0,4,4,0,0,1105,890,1100,890,1225,1335,,,4.85,1,,,,,,,,,,,,,,,0.217343
1972,,,5,4,4,0,0,5,5,0,0,1230,1270,1195,1245,2560,1560,,,5.42,1,,,,,,,,,,,,,,,0.224633
1973,,,5,4,4,0,0,5,5,0,0,1350,1335,1295,1335,2375,1780,,,7.02,1,,,,,,,,,,,,,,,0.24199
1974,,,5,4,4,0,0,6,6,1,0,1485,1335,1420,1335,2150,1780,,,6.27,1,,,,,,,,,,,,,,,0.269745
1975,,,5,5,5,0,0,8,7,0,0,1585,1335,1575,1335,1730,1780,,,6.57,2,,,,,,,,,,,,,,,0.287627
1976,,,5,6,6,0,0,10,10,1,0,1615,1335,1595,1335,2005,1780,,,6.65,2,,,,,,,,,,,,,,,0.302189
1977,,,5,9,8,1,0,16,14,2,0,1835,1355,1765,1335,2435,1780,,,7.2,2,,,,,,,,,,,,,,,0.322139
1978,,,5,10,10,0,0,19,18,1,0,1875,1780,1845,1780,2335,1870,,,6.48,2,,,,,,,,,,,,,,,0.346492
1979,,,5,15,15,1,0,31,29,2,0,2020,2000,1955,1960,3235,2225,,,6.17,2,,,,,,,,,,,,,,,0.381639
1980,,,5,23,22,1,0,47,45,2,0,2045,2225,2000,2225,3070,2665,,,5.76,1,,,,,,,,,,,,,,,0.42186
1981,,,5,34,33,1,0,74,70,4,0,2190,2225,2130,2225,3775,4450,2400,2640,5.48,1,,,,,,,,,,,,,,,0.452594
1982,,,5,31,30,1,0,67,64,3,0,2190,2225,2145,2225,3625,4450,2560,2640,5.97,2,,,,,,,,,,,,,,,0.474364
1983,,,5,32,30,1,0,70,65,4,1,2225,2225,2170,2225,3530,4450,2760,2640,5.7,2,,,,,,,,,,,,,,,0.491878
1984,,,5,31,30,1,0,69,64,4,1,2210,2225,2155,2225,3925,4450,2385,2640,5.69,2,,,,,,,,,,,,,,,0.509814
1985,,,5,36,35,1,1,80,75,4,1,2220,2225,2160,2225,4390,4450,2255,2200,5.39,1,,,,,,,,,,,,,,,0.528431
1986,,,5,31,30,1,1,66,62,2,2,2145,2225,2110,2225,3705,3955,2390,2640,5.08,1,,,,,,,,,,,,,,,0.536539
1987,,,5,29,27,0,1,64,60,2,2,2255,2225,2205,2225,5430,4450,2360,2585,5.14,1,,,,,,,,,,,,,,,0.556903
1988,,,5,33,30,1,2,91,82,4,5,2775,2335,2695,2335,5815,6675,2930,3520,4.8,1,,,,,,,,,,,,,,,0.580705
1989,,,5,35,33,1,2,103,94,4,4,2965,2335,2900,2335,5735,6275,2795,2640,5.07,1,,,,,,,,,,,,,,,0.60299
1990,,,5,33,30,0,2,96,88,4,5,2960,2625,2885,2625,6935,7500,2975,3520,5.11,1,,,,,,,,,,,,,,,0.631967
1991,,,5,34,32,1,2,106,97,4,5,3075,2625,3015,2625,6170,7500,2980,3520,5.15,1,,,,,,,,,,,,,,,0.648323
1992,,,5,36,33,1,2,119,108,4,6,3310,2625,3255,2625,7060,7500,3105,3520,5.18,2,,,,,,,,,,,,,,,0.665147
1993,,,5,34,32,0,2,119,107,5,7,3495,2625,3375,2625,9845,7500,3915,4000,5.28,2,,,,,,,,,,,,,,,0.679709
1994,,,5,34,31,1,2,131,116,7,8,3895,3155,3695,2815,13255,13500,4585,3700,5.71,2,,,,,,,,,,,,,,,0.694281
1995,,,5,29,27,0,2,122,110,7,6,4190,3500,4025,3500,16585,18500,3885,3460,5.63,2,31345,0.42,0.64,0.51,58288.9,0.15,0.1,0.04,22195,17220,33715,22465,35045,11665,0.707602
1996,,,5,28,26,1,2,120,105,8,8,4300,3500,4070,3500,14685,16900,4485,3790,5.41,2,33095,0.42,0.66,0.51,60154.3,0.18,0.1,0.04,21645,12895,41045,21610,29300,46495,0.724261
1997,,,5,24,21,0,2,107,90,7,10,4490,3500,4210,3500,15740,17630,4930,4265,5.21,2,38140,0.47,0.65,0.48,55205.5,0.21,0.12,0.04,25930,14755,43210,25930,52575,11080,0.732323
1998,,,5,22,19,0,2,95,84,0,11,4400,3500,4305,3500,17000,17000,5120,4500,5.13,2,40470,0.49,0.61,0.51,60214.9,0.08,0.09,0.04,29315,18890,44680,29315,,,0.738253
1999,,,5,18,17,0,2,81,72,1,8,4405,3500,4310,3500,12565,12565,5090,4000,5.39,2,45885,0.57,0.62,0.47,57271.1,0.15,0.1,0.04,30740,21490,45955,30750,12005,28315,0.753413
2000,,,5,20,18,0,2,88,76,1,11,4485,3500,4315,3500,18500,18500,5525,4875,5.39,3,42570,0.55,0.59,0.5,55088.1,0.15,0.11,0.04,31935,21495,47550,31865,20210,48900,0.77168
2001,,,5,20,18,0,2,96,83,2,12,4790,3790,4595,3545,13775,8500,5970,5000,5.74,3,40810,0.52,0.62,0.5,54525.4,0.15,0.11,0.04,30080,22260,49905,30070,64955,37490,0.779909
2002,,,5,21,19,0,2,108,92,3,13,5065,4000,4715,3940,15905,18500,7680,5020,5.23,3,43280,0.53,0.62,0.52,54231.7,0.16,0.11,0.04,30555,19230,50425,30555,33840,47910,0.796383
2003,,,5,23,21,0,2,117,101,2,15,5075,4275,4805,4000,13360,18370,7295,6000,5.4,3,44235,0.5,0.62,0.51,54937.8,0.15,0.1,0.04,31430,16805,57180,31250,42460,58105,0.811654
2004,,,5,24,23,0,2,123,107,1,15,5010,4165,4725,3980,12625,18500,7925,5400,5.12,3,45160,0.54,0.65,0.53,56368.8,0.15,0.1,0.04,30270,16160,53015,30270,41580,87670,0.834702
2005,,,5,25,23,0,2,139,116,3,21,5500,4810,5015,4705,20280,15250,9405,6715,5.44,3,44700,0.53,0.65,0.51,54924.8,0.16,0.11,0.04,29375,15790,51960,29245,29740,48495,0.858669
2006,,,5,25,22,0,2,142,114,2,26,5690,4815,5065,4600,24215,23325,10725,8000,5.74,4,41145,0.55,0.67,0.5,54008.9,0.17,0.11,0.04,27820,13450,50250,27630,80770,28860,0.876992
2007,,,5,27,25,0,2,158,136,2,19,5760,5000,5365,4635,24365,20500,9645,8000,5.19,3,39895,0.56,0.66,0.55,53334.3,0.15,0.11,0.04,27360,13070,43565,27035,92295,40090,0.906824
2008,,,5,29,26,0,2,192,165,4,23,6720,5840,6270,5595,33730,20500,10770,9285,5.13,3,41005,0.54,0.64,0.5,53860.5,0.19,0.12,0.04,27580,12925,45790,27185,92295,36025,0.910217
2009,,,5,34,32,0,2,257,228,2,27,7540,6750,7205,6500,19870,8500,11325,9300,4.58,2,39570,0.55,0.65,0.52,54398.2,0.2,0.12,0.04,26945,12945,42525,26930,92295,20100,0.929017
2010,,,5,35,33,0,2,256,231,3,22,7295,6485,7070,6485,10905,9500,9935,6000,4.38,2,38835,0.52,0.64,0.52,55213.6,0.2,0.11,0.04,25205,12105,39335,25205,13420,34870,0.941916
2011,,,5,37,34,0,3,280,251,2,28,7650,6500,7365,6500,10680,10250,10910,7975,4.51,2,41145,0.54,0.64,0.52,55276.4,0.19,0.11,0.04,26660,12710,41900,26195,9175,35935,0.965479
2012,,,5,34,32,0,2,257,231,2,24,7485,6500,7200,6500,12850,9500,11460,8000,4.4,2,39075,0.56,0.68,0.5,54290.2,0.18,0.12,0.04,23720,11875,42975,23470,44195,41965,0.980216
2013,,,5,33,31,0,2,260,232,2,25,7785,7000,7420,6865,16305,20500,12445,9745,4.25,1,42015,0.59,0.64,0.48,54761,0.17,0.12,0.04,26400,13015,43955,26235,48000,32670,0.992323
2014,,,5,32,30,0,2,265,231,4,30,8195,7500,7785,7140,19900,20500,11930,9800,4.34,1,39170,0.59,0.62,0.48,55127.3,0.17,0.11,0.04,24515,12485,38950,24435,48000,8860,1
1970,,,6,77,70,7,0,95,84,11,0,1240,890,1210,890,1455,1335,,,5.55,1,,,,,,,,,,,,,,,0.209694
1971,,,6,82,73,9,0,107,94,13,0,1310,1335,1285,1155,1450,1335,,,6.21,2,,,,,,,,,,,,,,,0.217343
1972,,,6,86,75,10,0,119,103,16,0,1380,1335,1365,1335,1410,1335,,,6.65,2,,,,,,,,,,,,,,,0.224633
1973,,,6,93,79,14,0,143,118,25,0,1545,1335,1490,1335,1725,1335,,,6.62,2,,,,,,,,,,,,,,,0.24199
1974,,,6,97,82,15,0,162,130,31,0,1670,1335,1590,1335,1905,1780,,,7.19,3,,,,,,,,,,,,,,,0.269745
1975,,,6,107,90,17,0,190,154,36,0,1785,1335,1710,1335,1970,1780,,,7.18,3,,,,,,,,,,,,,,,0.287627
1976,,,6,134,110,24,0,242,187,55,0,1805,1515,1710,1335,2000,1780,,,7.03,3,,,,,,,,,,,,,,,0.302189
1977,,,6,181,149,31,0,378,284,94,0,2095,1780,1905,1780,2640,2225,,,6.74,3,,,,,,,,,,,,,,,0.322139
1978,,,6,235,191,44,0,544,391,153,0,2310,2135,2040,1780,3030,2225,,,6.7,3,,,,,,,,,,,,,,,0.346492
1979,,,6,389,319,70,0,964,698,266,0,2475,2225,2185,2225,3365,3115,,,6.36,3,,,,,,,,,,,,,,,0.381639
1980,,,6,616,505,112,0,1576,1102,474,0,2555,2225,2185,2225,3665,4450,,,6.01,3,,,,,,,,,,,,,,,0.42186
1981,,,6,878,694,178,6,2409,1597,793,19,2740,2225,2300,2225,4185,4450,3110,2640,5.86,3,,,,,,,,,,,,,,,0.452594
1982,,,6,721,561,149,11,1892,1212,648,32,2625,2225,2160,2225,4205,4450,2865,2640,6.28,3,,,,,,,,,,,,,,,0.474364
1983,,,6,760,582,156,22,2071,1288,720,63,2725,2225,2215,2225,4470,4450,2910,2640,6.33,3,,,,,,,,,,,,,,,0.491878
1984,,,6,811,619,167,25,2235,1374,789,73,2755,2225,2220,2225,4585,4450,2885,2640,6.22,3,,,,,,,,,,,,,,,0.509814
1985,,,6,864,658,174,32,2438,1487,861,90,2820,2225,2260,2225,4790,4450,2850,2640,6.16,3,,,,,,,,,,,,,,,0.528431
1986,,,6,780,593,159,28,2159,1302,779,77,2765,2225,2195,2225,4770,4450,2770,2640,6.07,3,,,,,,,,,,,,,,,0.536539
1987,,,6,777,592,157,27,2522,1440,997,85,3245,2335,2430,2225,6130,6320,3095,2640,6.16,4,,,,,,,,,,,,,,,0.556903
1988,,,6,803,599,165,39,2905,1578,1192,134,3620,2335,2635,2335,6990,6675,3440,3520,6.12,4,,,,,,,,,,,,,,,0.580705
1989,,,6,830,609,167,55,3140,1676,1276,188,3780,2670,2750,2335,7420,6675,3445,3520,6.04,4,,,,,,,,,,,,,,,0.60299
1990,,,6,888,634,185,70,3836,1969,1622,245,4320,3100,3105,2625,8505,7500,3525,3520,6.05,4,,,,,,,,,,,,,,,0.631967
1991,,,6,977,688,204,87,4431,2271,1852,308,4535,3520,3300,2625,8840,7500,3560,3520,6.01,4,,,,,,,,,,,,,,,0.648323
1992,,,6,1068,747,216,106,4971,2570,2018,383,4655,3520,3440,2625,9080,8000,3600,3520,5.99,4,,,,,,,,,,,,,,,0.665147
1993,,,6,1126,806,224,98,6257,3183,2595,480,5555,4000,3950,3500,11290,10845,4905,4000,6.03,4,,,,,,,,,,,,,,,0.679709
1994,,,6,1321,935,274,113,8800,4267,3717,816,6665,5000,4560,3500,13110,12635,7200,5000,6.03,4,,,,,,,,,,,,,,,0.694281
1995,,,6,1345,949,276,121,9410,4492,3974,945,6995,5500,4735,3525,13890,15060,7780,6000,6.06,4,55220,0.65,0.58,0.33,57301.5,0.13,0.13,0.04,45255,22415,61140,48565,27140,55450,0.707602
1996,,,6,1431,1003,297,132,10362,4842,4427,1093,7245,5500,4830,3760,14420,16000,8260,6430,6.18,4,56950,0.68,0.58,0.32,56995.9,0.12,0.12,0.04,47190,22205,62090,50790,26530,47490,0.724261
1997,,,6,1519,1058,313,149,11628,5303,4999,1325,7655,5500,5010,4090,15455,16840,8870,7000,6.2,4,58490,0.7,0.59,0.31,59281,0.13,0.11,0.04,49115,22510,62835,52560,27455,54375,0.732323
1998,,,6,1555,1082,319,155,12041,5433,5169,1438,7745,5500,5025,4300,15635,16930,9295,7500,6.25,4,60465,0.73,0.59,0.31,62821.2,0.13,0.09,0.04,51170,22665,64290,55020,28125,49495,0.738253
1999,,,6,1556,1078,323,156,12214,5329,5396,1490,7850,5500,4940,4000,16195,17305,9535,7500,6.31,4,62080,0.74,0.59,0.31,65132.3,0.11,0.08,0.03,52625,22290,65040,56565,30005,50215,0.753413
2000,,,6,1622,1124,333,167,13313,5775,5853,1685,8210,5500,5140,4410,17040,18500,10100,8000,6.33,4,64165,0.75,0.59,0.32,65064.4,0.11,0.08,0.03,54515,23025,66835,58405,33640,48655,0.77168
2001,,,6,1675,1158,351,167,13968,6040,6134,1794,8340,5500,5215,4815,16990,18500,10725,8500,6.38,4,66190,0.75,0.59,0.32,65238.9,0.11,0.08,0.03,55380,24140,67885,59695,35780,55690,0.779909
2002,,,6,1769,1199,390,181,15402,6341,6967,2094,8705,5500,5290,5125,17405,18500,11545,9365,6.42,5,67935,0.75,0.6,0.32,65402.3,0.11,0.08,0.03,56445,25105,69145,60905,38345,50905,0.796383
2003,,,6,1900,1262,434,206,17093,6842,7708,2544,9000,5500,5425,5250,17265,18500,12365,10000,6.42,5,68300,0.74,0.6,0.31,65468.1,0.11,0.08,0.03,55790,24940,69170,60165,40250,49815,0.811654
2004,,,6,2009,1313,468,230,18735,7205,8410,3120,9325,5875,5485,5450,17530,18500,13540,11000,6.35,4,68735,0.74,0.6,0.31,65512.1,0.11,0.08,0.03,56085,24675,69835,60550,41810,50245,0.834702
2005,,,6,2076,1348,489,241,19772,7423,8854,3495,9525,6000,5505,5500,17675,18500,14475,12000,6.36,4,69325,0.74,0.61,0.31,65667.4,0.11,0.08,0.03,56670,24845,70155,60770,43660,52350,0.858669
2006,,,6,2098,1371,500,230,21186,7543,10134,3509,10100,6000,5500,5500,19815,18500,15260,12575,6.33,4,70120,0.75,0.61,0.3,65555.7,0.11,0.08,0.03,57080,24150,70590,61215,45190,49675,0.876992
2007,,,6,2108,1375,525,212,23328,7985,12026,3317,11065,6105,5805,5500,22370,20250,15680,13000,6.32,4,71030,0.76,0.61,0.3,65695.6,0.11,0.08,0.03,57750,24370,70875,61510,47215,47830,0.906824
2008,,,6,2124,1379,551,197,26058,9460,13478,3120,12270,7500,6860,5750,23910,20500,15845,13000,6.32,4,72075,0.77,0.61,0.3,65699,0.11,0.08,0.03,57605,24080,71440,61925,47260,46370,0.910217
2009,,,6,2366,1527,620,223,31495,11863,16043,3589,13310,8375,7770,6695,25135,20500,16100,13395,6.25,4,72995,0.76,0.61,0.3,65890.8,0.11,0.08,0.03,57365,23445,71660,61210,47970,42725,0.929017
2010,,,6,2405,1518,644,248,32086,11412,16679,3995,13340,7895,7515,6500,25245,20500,16120,13200,6.25,4,72110,0.75,0.61,0.3,66032.3,0.11,0.08,0.03,55685,22220,70725,59325,47940,38010,0.941916
2011,,,6,2630,1666,688,285,36105,12879,18279,4947,13730,8500,7730,6500,25905,20500,17360,14460,6.17,3,71215,0.75,0.61,0.31,65974,0.11,0.08,0.03,54615,22160,69525,57780,48175,32665,0.965479
2012,,,6,2509,1626,655,233,34329,12390,17627,4313,13685,8250,7620,6500,26335,20500,18525,15195,5.99,3,71110,0.76,0.61,0.31,65873.9,0.12,0.08,0.03,54040,21630,68820,56935,47530,36800,0.980216
2013,,,6,2444,1592,627,231,33967,12098,17328,4541,13895,8040,7595,6500,27035,20500,19660,16000,5.71,3,70705,0.77,0.62,0.31,65861.8,0.12,0.08,0.03,53505,21455,67445,55975,48285,35345,0.992323
2014,,,6,2452,1592,634,232,34522,12216,17651,4655,14080,8300,7675,6535,27270,20500,20080,16785,5.27,2,70640,0.77,0.62,0.3,65603.7,0.12,0.08,0.03,52560,20790,66735,55105,47870,31620,1
