full_sample,sel_index,typen,fy,borrowers,mn_earnings,md_earnings,p25_earnings,p75_earnings,mn_tot_inc,md_tot_inc,unemployed,in_pov,near_pov,mn_debt_service,mn_grad2_earnings,mn_grad4_earnings,mn_grad0_earnings,md_debt_service,mn_tot_bal,md_tot_bal,mn_undergrad_l,md_undergrad,mn_grad_l,md_grad_l
1,,,1999,10924,41500,33500,18388,51798,51000,37250,0.151,0.235,0.318,3140,28250,42750,32750,2075,13105,6880,9535,6095,28145,16825
1,,,2000,11141,43250,35000,19294,53657,53750,39500,0.146,0.222,0.302,3155,30000,46500,35500,2085,14255,7505,10255,6540,30275,18310
1,,,2001,11348,45000,36750,20125,56162,54750,41250,0.152,0.208,0.285,3290,32750,50000,38000,2160,15610,8240,11100,7105,32990,19930
1,,,2002,11673,43750,36250,19639,55642,53750,40750,0.161,0.217,0.294,3295,32000,49000,37500,2165,16585,8695,11685,7505,34665,20770
1,,,2003,12160,43750,36000,19505,55791,53500,40250,0.169,0.221,0.299,3245,32000,49500,37750,2130,17415,9020,12160,7805,36050,21530
1,,,2004,12811,43750,36000,19542,55945,54000,40250,0.167,0.219,0.297,3190,32000,50000,38000,2085,18075,9310,12485,8040,37045,22370
1,,,2005,13700,43750,35750,19456,55617,54250,40000,0.162,0.217,0.296,3165,32000,50250,38250,2065,18875,9825,12845,8300,38265,23530
1,,,2006,14696,44750,36250,19834,56657,55500,40750,0.158,0.214,0.292,3200,32500,51750,38750,2100,19715,10465,13305,8755,39245,25000
1,,,2007,15539,45250,36500,20025,57189,56250,41250,0.157,0.212,0.29,3235,32500,53000,38500,2135,19970,10760,13495,8990,39125,25465
1,,,2008,16519,46750,37750,20557,59355,57750,42000,0.161,0.21,0.287,3295,33500,55500,39250,2170,20765,11235,13975,9395,40360,26560
1,,,2009,17937,45000,36250,18888,58041,55000,39750,0.182,0.228,0.311,3355,32000,53500,37250,2185,21165,11365,14120,9540,41165,27100
1,,,2010,19469,44500,35250,18123,57330,44500,38750,0.188,0.229,0.316,3450,31500,53250,36250,2225,21865,11595,14500,9880,42655,27760
1,,,2011,21510,44000,34250,17605,56176,53750,37250,0.187,0.239,0.329,3550,30750,52750,35250,2265,22575,11880,15015,10225,43955,28240
1,,,2012,23854,43500,33750,17361,55478,53500,36250,0.183,0.244,0.336,3665,30500,52500,34500,2315,23515,12335,15700,10575,45875,29140
1,,,2013,26179,43000,33250,17263,54893,53000,35750,0.177,0.245,0.34,3795,30500,52250,33750,2380,24615,12885,16510,10990,47975,30200
1,,,2014,28653,43000,33250,17412,54788,51000,34500,0.179,0.256,0.349,3935,31500,52750,32750,2460,25915,13550,17490,11530,50405,31375
,1,,1999,3480,26750,22750,11571,36219,29000,21000,0.244,0.405,0.523,1615,25500,33500,23000,1110,7155,4930,7020,4915,15630,6250
,1,,2000,3414,28000,23750,12155,37863,31000,22250,0.24,0.39,0.506,1590,27250,36250,24750,1100,7515,5080,7350,5065,17395,6700
,1,,2001,3367,29750,25000,12628,39921,32750,24250,0.25,0.365,0.478,1650,29500,38250,26500,1145,8055,5355,7855,5335,19350,7540
,1,,2002,3376,29000,24500,12219,39232,32000,23500,0.267,0.377,0.488,1650,28500,36250,25750,1125,8495,5530,8245,5510,21475,8560
,1,,2003,3450,29000,24750,12374,39500,32000,23250,0.281,0.382,0.492,1620,28250,36250,26000,1065,8860,5670,8565,5650,22945,9460
,1,,2004,3582,29250,24750,12463,39609,32500,23500,0.279,0.378,0.487,1585,28250,36500,26500,1015,9125,5755,8790,5735,23975,10525
,1,,2005,3775,29500,25000,12786,39552,32750,23750,0.27,0.37,0.482,1565,28250,36750,26750,985,9420,5890,9035,5870,25130,12435
,1,,2006,4023,30250,25250,13116,40250,33500,24250,0.259,0.362,0.472,1600,29000,38000,27500,1010,9875,6125,9435,6105,26585,14835
,1,,2007,4274,30250,25250,13170,40157,33750,24250,0.254,0.358,0.473,1650,28750,38500,27500,1040,10175,6295,9685,6270,27345,16900
,1,,2008,4565,31000,25750,13395,41185,34500,24750,0.259,0.353,0.468,1710,29250,39750,28000,1070,10740,6625,10180,6590,29140,18955
,1,,2009,4972,29500,24250,12333,39755,32500,23000,0.291,0.377,0.498,1765,27750,37750,26750,1115,11145,6895,10510,6860,30830,21225
,1,,2010,5483,29000,23500,11873,38798,-4500,22500,0.298,0.377,0.503,1845,27250,37500,25750,1175,11755,7275,11050,7235,32960,23780
,1,,2011,6172,28500,22750,11650,37714,31750,21750,0.291,0.387,0.515,1955,26500,36500,25000,1260,12700,8035,11915,7985,34630,25170
,1,,2012,6909,28500,22750,11829,37561,31750,21500,0.281,0.39,0.52,2085,26500,36000,25250,1365,13765,8605,12875,8550,37195,27500
,1,,2013,7558,28500,22750,12015,37553,32000,21750,0.268,0.387,0.517,2225,26500,35750,25250,1410,14940,9220,13945,9150,39260,29680
,1,,2014,8188,29000,23250,12406,38019,31500,21750,0.262,0.392,0.517,2380,27250,36250,25250,1455,16295,9890,15140,9820,41465,31405
,2,,1999,1253,31750,27500,15388,42405,39250,30250,0.173,0.281,0.388,1940,32000,39000,25750,1080,9095,5155,8225,5075,26020,13055
,2,,2000,1276,33000,28500,15985,43724,41000,31500,0.168,0.271,0.373,1935,34000,42000,27750,1075,9855,5410,8840,5320,28890,15010
,2,,2001,1298,34500,30000,16639,45958,42500,33000,0.179,0.259,0.358,2020,36750,45250,29750,1100,10750,5730,9570,5640,31625,16165
,2,,2002,1329,34000,29750,15973,45903,41500,32500,0.194,0.274,0.37,2040,36500,44750,29250,1105,11405,5940,10095,5825,32875,17280
,2,,2003,1380,34000,29500,15783,46021,41250,31750,0.202,0.282,0.378,2025,37000,44500,29250,1085,11935,6030,10480,5920,34110,18265
,2,,2004,1463,34000,29250,15686,45882,41500,31750,0.205,0.282,0.38,1990,37250,44750,29500,1055,12300,6045,10730,5930,34795,19360
,2,,2005,1575,33750,28750,15633,45447,41250,31000,0.202,0.283,0.383,1980,36750,44750,29250,1045,12725,6150,11050,6035,35295,20515
,2,,2006,1705,34500,29250,15911,46031,42000,31750,0.199,0.278,0.375,2005,37500,46000,29500,1060,13250,6400,11435,6285,36245,21690
,2,,2007,1830,34250,29250,15872,46051,42250,31500,0.196,0.278,0.377,2065,37500,46750,29250,1100,13585,6610,11700,6480,36470,22490
,2,,2008,1968,35500,30250,16275,47661,43250,32000,0.203,0.275,0.372,2120,38750,48500,30000,1135,14245,6980,12250,6845,37630,23795
,2,,2009,2177,34000,28750,14724,46292,41000,29750,0.228,0.299,0.402,2160,36750,46750,28250,1175,14545,7200,12485,7045,38180,25035
,2,,2010,2393,33500,27750,14236,45357,40500,29250,0.233,0.299,0.407,2245,36250,46000,27500,1240,15175,7585,12970,7410,39800,26565
,2,,2011,2748,32500,26750,13814,44031,39250,27750,0.231,0.312,0.424,2320,35250,45500,26750,1305,15790,8055,13515,7860,41080,27300
,2,,2012,3200,32000,26000,13569,42973,38750,26750,0.222,0.318,0.433,2385,34000,44750,26250,1355,16480,8470,14150,8280,43130,28985
,2,,2013,3690,31500,25500,13496,42113,38250,26250,0.213,0.32,0.44,2470,34000,44500,25750,1400,17270,8875,14885,8675,45105,30685
,2,,2014,4252,31500,25500,13647,42069,37000,25750,0.209,0.325,0.443,2570,34750,45000,25250,1460,18300,9460,15815,9240,47220,32540
,3,,1999,1418,38500,32750,18935,48526,49500,37750,0.121,0.198,0.287,2740,28750,36750,29250,1825,13425,7570,10740,6960,26930,14745
,3,,2000,1480,39250,33750,19464,49918,51000,39250,0.119,0.192,0.277,2770,31250,39250,31250,1870,14495,8190,11540,7470,28880,15980
,3,,2001,1545,40500,34750,19914,51779,51500,40500,0.126,0.184,0.266,2895,33500,42250,33500,1960,15800,8945,12490,8140,31500,17945
,3,,2002,1617,39500,34500,19370,51494,50750,39750,0.134,0.195,0.279,2910,33000,41750,33250,1970,16675,9330,13085,8510,32840,18580
,3,,2003,1708,39500,34250,19173,51709,50250,39250,0.144,0.203,0.288,2885,33000,42500,33500,1950,17460,9660,13575,8760,34115,19050
,3,,2004,1819,39500,34000,19018,51767,50500,39250,0.141,0.203,0.289,2865,32750,43000,33750,1940,18090,10070,13925,9015,35030,20095
,3,,2005,1960,39250,33750,18926,51477,50500,38750,0.139,0.204,0.291,2870,32750,43000,34000,1950,18775,10610,14310,9405,35400,20630
,3,,2006,2117,40250,34500,19208,52354,51250,39250,0.137,0.204,0.29,2935,33500,44000,34500,2015,19665,11300,14865,9975,36175,21830
,3,,2007,2258,40250,34750,19437,52568,51750,39750,0.137,0.201,0.287,3020,34000,44500,34500,2085,20115,11665,15150,10330,36100,22420
,3,,2008,2405,41750,35750,19899,54482,52750,40500,0.142,0.198,0.283,3110,34750,46250,35250,2150,21070,12270,15775,10850,37450,23440
,3,,2009,2613,40250,34500,18299,53264,50750,38500,0.163,0.217,0.307,3180,33250,44750,33750,2200,21545,12480,15995,10970,37985,24245
,3,,2010,2827,39750,33500,17804,52833,50500,37750,0.166,0.215,0.308,3310,33250,44500,33250,2285,22450,12970,16545,11330,39275,24915
,3,,2011,3106,39250,32750,17524,51981,49500,36500,0.167,0.223,0.32,3445,32750,43750,32500,2365,23390,13460,17160,11700,40655,25745
,3,,2012,3453,39250,32500,17357,51515,49250,35750,0.163,0.227,0.326,3585,33000,43500,32250,2440,24505,14000,17925,12115,42545,27230
,3,,2013,3824,39000,32250,17308,51074,49000,35250,0.157,0.227,0.329,3735,32750,43500,31750,2535,25745,14655,18775,12640,44755,28855
,3,,2014,4242,39000,32500,17646,51348,47250,34500,0.161,0.237,0.335,3890,33750,44250,31500,2630,27215,15450,19835,13320,47145,30475
,4,,1999,2023,42750,37500,23181,53128,57000,45750,0.093,0.129,0.195,3190,31500,39750,33500,2515,14570,9050,11655,7980,25520,14970
,4,,2000,2126,44000,38500,23965,54769,59250,47750,0.09,0.123,0.185,3225,33500,42750,36250,2525,15890,10060,12580,8855,27325,16225
,4,,2001,2221,45750,40000,24746,56991,60000,49000,0.094,0.117,0.177,3385,36000,46000,39000,2625,17405,11130,13625,9810,29585,17435
,4,,2002,2325,44250,39500,23917,56357,59000,48500,0.1,0.125,0.187,3410,35750,45250,38500,2635,18475,11740,14295,10340,31075,18380
,4,,2003,2458,44250,39250,23526,56573,58750,48250,0.105,0.131,0.195,3385,36250,46000,39000,2570,19415,12240,14815,10735,32335,19175
,4,,2004,2615,44250,39000,23351,56798,59250,48000,0.105,0.131,0.197,3360,36250,46250,39250,2520,20215,12815,15200,11205,33180,19775
,4,,2005,2812,44000,38750,23185,56405,59250,47750,0.101,0.131,0.198,3360,36500,46250,39750,2490,21095,13480,15595,11735,33845,20540
,4,,2006,3027,45250,39500,23705,57562,60500,48500,0.099,0.131,0.197,3425,37000,47500,40500,2525,22100,14300,16125,12365,34520,21470
,4,,2007,3198,45750,40000,24096,58126,61250,49250,0.1,0.129,0.193,3500,37750,48250,40500,2575,22555,14650,16330,12550,34490,21760
,4,,2008,3403,47500,41750,25018,60450,62750,50750,0.104,0.128,0.188,3600,39000,50500,41750,2625,23565,15175,16870,12970,35740,22990
,4,,2009,3695,45750,40000,23034,59065,60500,48750,0.118,0.142,0.209,3685,37500,48750,39750,2650,24050,15270,16945,12950,36600,23685
,4,,2010,3991,45500,39500,22402,58862,60750,48250,0.121,0.142,0.212,3815,37250,48500,39500,2720,24925,15550,17310,13110,37935,24440
,4,,2011,4367,45000,38750,22073,58171,59750,46750,0.122,0.147,0.221,3965,36500,48000,38750,2815,25795,15885,17740,13275,39215,25080
,4,,2012,4807,45000,38250,21985,57981,59750,46250,0.119,0.15,0.225,4130,36500,48250,38500,2920,27000,16475,18375,13595,41270,26400
,4,,2013,5268,45000,38250,21765,57852,59750,45500,0.115,0.151,0.228,4300,36750,48250,37750,3035,28320,17195,19155,14065,43360,27635
,4,,2014,5774,45250,38250,21854,58004,58000,44000,0.12,0.162,0.238,4460,37750,49000,36750,3140,29800,18010,20100,14695,45730,29165
,5,,1999,1948,56500,45500,28817,67014,73250,55500,0.082,0.099,0.143,3970,34500,47000,40250,3090,17965,11115,11925,8795,30320,19465
,5,,2000,2020,58500,46750,29941,69172,76750,58000,0.079,0.093,0.134,4030,36500,51500,44000,3050,19545,12350,12810,9720,32555,20890
,5,,2001,2084,59750,48250,30875,71646,75750,59250,0.084,0.09,0.131,4190,41000,55500,47250,3085,21300,13470,13745,10670,35455,22540
,5,,2002,2174,56500,47000,29071,68826,73000,57750,0.089,0.099,0.144,4215,39250,53750,45750,3035,22635,14135,14325,11225,37555,23580
,5,,2003,2285,55750,46500,28497,68418,72000,57000,0.093,0.104,0.15,4175,39750,54250,46500,2960,23775,14680,14805,11725,39190,24475
,5,,2004,2418,55750,46500,28574,68536,72250,56750,0.091,0.104,0.15,4145,40250,55000,47500,2895,24775,15225,15125,12130,40265,25530
,5,,2005,2600,55250,46000,28021,68152,72500,56250,0.089,0.106,0.153,4140,40250,55000,48250,2835,25930,16020,15485,12640,41680,27005
,5,,2006,2786,57000,47000,28617,69903,74250,57500,0.088,0.104,0.15,4200,41500,57250,50250,2850,27020,16660,15880,13150,42270,28355
,5,,2007,2905,58250,48250,29597,71331,76750,59500,0.089,0.1,0.143,4265,42750,59250,50750,2885,27240,16685,15890,13145,41840,28215
,5,,2008,3057,61000,50250,31162,74643,79250,62000,0.092,0.099,0.141,4365,43500,62250,53000,2920,28210,17055,16200,13330,42950,29140
,5,,2009,3284,58750,49000,28996,72919,76500,59750,0.105,0.111,0.158,4470,42000,60250,50250,2930,28640,16940,16080,13115,43795,29670
,5,,2010,3513,58500,48000,28007,72757,76750,59000,0.107,0.11,0.16,4630,41000,60000,50000,2965,29490,16970,16160,13030,45560,30325
,5,,2011,3777,58750,47500,28078,72763,77000,58250,0.107,0.113,0.163,4835,41250,60500,50000,3050,30430,17145,16345,12920,47225,30855
,5,,2012,4067,59250,47500,27941,73013,77750,58500,0.105,0.113,0.163,5050,41500,61000,50000,3160,31685,17685,16745,12945,49425,31495
,5,,2013,4353,59250,47500,27862,73083,77750,58000,0.104,0.116,0.166,5270,42000,61250,48750,3280,33075,18320,17250,13090,51910,32505
,5,,2014,4653,59500,47750,28018,73483,75000,56000,0.111,0.131,0.181,5470,43250,62000,47750,3390,34540,19015,17865,13420,54755,33450
,6,,1999,803,75250,56750,38567,88037,98000,75000,0.084,0.086,0.113,6505,43250,61500,55750,4925,29105,18005,10265,6635,28790,17705
,6,,2000,826,78000,58250,39742,91065,103500,80500,0.082,0.081,0.105,6510,50500,68000,60250,4970,31375,19440,11050,7135,31025,19210
,6,,2001,834,80000,60250,41289,94465,103500,82000,0.083,0.078,0.101,6850,61500,73750,63750,5120,34305,21170,12035,7475,33935,20890
,6,,2002,852,77750,60500,41003,93565,101250,81500,0.092,0.084,0.109,6865,56500,72750,64000,5080,35965,22020,12585,7505,35595,21690
,6,,2003,879,77500,60250,40498,93919,101500,81750,0.097,0.088,0.113,6740,55250,73750,64750,4960,37395,22935,12630,7555,37020,22550
,6,,2004,914,77500,60250,40037,92993,102500,82250,0.096,0.088,0.114,6595,53250,74500,66500,4825,38570,23895,12795,7590,38170,23420
,6,,2005,978,77500,59500,38899,92633,103250,81750,0.093,0.088,0.115,6510,57000,74750,67750,4810,40335,25620,12950,7490,39945,25090
,6,,2006,1040,79500,60500,39629,95239,106000,83250,0.093,0.089,0.114,6525,60000,77500,69750,4890,41960,27750,13725,7790,41560,27290
,6,,2007,1075,82500,62000,41359,97819,110250,86000,0.093,0.087,0.11,6610,62750,81750,72250,4965,42140,28295,13825,7610,41740,27880
,6,,2008,1122,86250,65000,43643,101870,113500,89250,0.094,0.086,0.109,6765,64250,86500,74750,5080,43595,29400,14245,7970,43190,29000
,6,,2009,1196,84250,64250,42324,100097,109750,86750,0.103,0.092,0.117,6985,59000,84500,73000,5165,44590,29850,14885,7940,44190,29430
,6,,2010,1263,84500,63500,41548,100340,110500,86750,0.106,0.092,0.117,7310,56000,85000,73000,5320,46210,30230,15505,8105,45805,29825
,6,,2011,1341,84500,62750,40578,99911,110000,85500,0.107,0.095,0.122,7630,57250,85500,72500,5460,47435,30270,16085,8600,47035,29890
,6,,2012,1419,85000,62250,40042,100162,111500,85250,0.106,0.097,0.123,8000,55500,85750,73000,5625,49200,30710,16450,8935,48825,30315
,6,,2013,1485,85000,62500,40092,99741,111750,85250,0.106,0.098,0.126,8400,54000,86250,72750,5815,51260,31205,17210,9225,50870,30795
,6,,2014,1543,85500,63000,40562,100718,105250,79500,0.127,0.125,0.151,8825,55250,87250,72750,6025,53885,32020,18095,9620,53485,31555
,,1,1999,2852,25000,21250,10652,33991,26500,18750,0.268,0.441,0.562,1380,25500,34750,21000,940,6360,4690,6260,4680,13540,5575
,,1,2000,2752,26000,22000,11103,35370,28000,19750,0.266,0.428,0.548,1345,27000,36750,22500,940,6585,4790,6460,4780,14810,5775
,,1,2001,2670,27500,23000,11481,37188,29500,21500,0.279,0.403,0.52,1385,29250,39000,24000,990,6975,4995,6830,4980,16560,6095
,,1,2002,2631,26750,23000,11138,36671,29000,20750,0.299,0.417,0.53,1380,28250,38250,23500,985,7285,5110,7100,5095,18550,6470
,,1,2003,2641,27000,23000,11241,36942,28750,20250,0.317,0.423,0.535,1355,28250,39000,23250,960,7545,5210,7325,5195,20025,6805
,,1,2004,2692,27000,23000,11275,36875,29000,20500,0.318,0.421,0.533,1325,28250,39750,23250,930,7720,5250,7465,5240,21190,7465
,,1,2005,2777,27000,23000,11545,36635,29000,20500,0.31,0.415,0.53,1305,28250,39500,23250,915,7905,5370,7620,5355,22325,8120
,,1,2006,2892,27500,23250,11899,37037,29500,21000,0.301,0.408,0.522,1330,28750,41000,23500,935,8205,5540,7880,5525,24125,9645
,,1,2007,3007,27500,23250,11907,36799,29500,21000,0.297,0.405,0.523,1370,28500,41500,23250,960,8410,5670,8050,5655,25335,11275
,,1,2008,3133,28000,23500,12175,37612,30000,21250,0.303,0.399,0.518,1415,29250,42750,23500,985,8835,5930,8430,5910,27660,13015
,,1,2009,3318,26750,22500,11386,36281,28250,19750,0.335,0.422,0.546,1480,27750,41500,22500,1030,9210,6165,8745,6145,30005,15840
,,1,2010,3552,26250,21750,10986,35501,28250,19500,0.342,0.421,0.549,1555,27000,41000,21750,1085,9730,6530,9210,6500,32425,17885
,,1,2011,3877,25750,21000,10835,34638,28000,19000,0.335,0.428,0.557,1650,26250,39750,21500,1150,10570,7290,9995,7265,34480,19975
,,1,2012,4230,26000,21000,11034,34460,28000,19000,0.321,0.431,0.561,1745,26500,38750,21750,1220,11365,7785,10710,7750,37510,23230
,,1,2013,4515,26000,21250,11226,34475,28250,19250,0.305,0.425,0.556,1855,26500,38250,21750,1295,12215,8195,11485,8160,40020,26170
,,1,2014,4780,26500,21750,11633,35101,28000,19250,0.298,0.429,0.555,1970,27000,38500,22000,1345,13205,8610,12375,8570,42625,28415
,,2,1999,644,34500,29500,16823,45328,41750,32500,0.136,0.238,0.338,2250,30250,33500,27000,1430,11285,7065,10480,6910,27605,15215
,,2,2000,682,36500,31000,17834,47721,44500,34500,0.134,0.229,0.323,2225,32250,36250,28750,1430,12010,7535,11030,7315,30390,16975
,,2,2001,718,38000,32000,17967,50040,46000,35750,0.138,0.216,0.31,2310,33750,38250,30250,1470,12900,8055,11770,7780,32370,18695
,,2,2002,769,36250,30750,16943,48257,44500,34500,0.155,0.234,0.331,2300,32250,36000,29250,1470,13520,8345,12265,8070,33475,20150
,,2,2003,838,36000,30250,16562,47956,44250,33750,0.162,0.242,0.342,2250,31000,36000,30000,1460,13985,8525,12595,8245,34680,21350
,,2,2004,924,36250,30500,16654,47951,44500,33750,0.16,0.242,0.341,2185,30250,36500,31250,1425,14235,8495,12780,8235,34350,22030
,,2,2005,1040,36250,30500,16802,47807,44750,33750,0.154,0.239,0.339,2155,31000,37250,31750,1405,14560,8600,12960,8230,34150,22415
,,2,2006,1180,37250,31000,17143,48803,45500,34000,0.149,0.236,0.336,2190,32000,38750,32750,1425,15090,8940,13385,8490,33945,24355
,,2,2007,1326,37250,31000,16991,48975,45500,33750,0.152,0.241,0.343,2250,32000,39250,32750,1455,15300,9100,13545,8615,33285,25350
,,2,2008,1498,38000,31250,16827,49902,46000,33750,0.16,0.244,0.346,2305,32750,40500,33000,1490,15845,9425,14000,8890,34065,26395
,,2,2009,1730,36000,29000,14707,48030,43000,30750,0.197,0.279,0.39,2330,30750,38750,31000,1490,15985,9445,14045,8930,34665,26400
,,2,2010,2018,34750,27500,13856,46518,-57750,29250,0.212,0.289,0.407,2400,30000,38250,29750,1520,16490,9820,14425,9270,36430,27730
,,2,2011,2394,33750,26250,13291,44680,40000,27500,0.212,0.309,0.432,2510,28750,37250,28500,1580,17280,10425,15160,9985,37565,28275
,,2,2012,2789,33250,26000,13422,44139,39500,26750,0.213,0.318,0.443,2665,28750,36750,28250,1715,18530,11135,16285,10735,39680,29235
,,2,2013,3163,33250,26000,13480,43726,39000,26500,0.21,0.322,0.448,2840,28500,36750,28250,1850,19965,11985,17575,11505,41865,30625
,,2,2014,3538,33250,26250,13725,43721,38000,26000,0.209,0.332,0.453,3030,29250,37250,28250,1990,21680,12980,19010,12410,44795,32175
,,3,1999,1117,31750,27500,15398,42124,39250,30250,0.171,0.278,0.386,1925,31750,39500,25750,1050,9170,5115,8260,5040,26665,13705
,,3,2000,1145,32750,28500,15999,43522,41000,31750,0.166,0.268,0.371,1930,33750,42500,27750,1050,9940,5370,8885,5285,29505,15435
,,3,2001,1173,34500,30000,16730,45700,42500,33250,0.177,0.255,0.354,2005,36500,45250,29750,1080,10835,5685,9635,5590,31865,16620
,,3,2002,1205,34000,29750,15976,45616,41500,32500,0.192,0.27,0.368,2030,36250,45000,29250,1085,11500,5895,10160,5775,33150,17525
,,3,2003,1257,33750,29250,15747,45719,41250,32000,0.2,0.279,0.376,2015,36750,44750,29250,1070,12045,5990,10555,5880,34495,18730
,,3,2004,1340,33750,29250,15699,45538,41500,31750,0.203,0.279,0.378,1980,37000,44750,29500,1040,12400,5990,10805,5890,35090,20065
,,3,2005,1450,33750,28750,15637,45176,41250,31250,0.2,0.281,0.38,1970,36500,45000,29250,1030,12830,6105,11125,6000,35695,20925
,,3,2006,1576,34250,29250,15899,45731,42000,31750,0.197,0.276,0.373,2000,37250,46000,29500,1050,13345,6375,11510,6260,36570,22300
,,3,2007,1700,34250,29250,15894,45810,42250,31500,0.194,0.276,0.374,2055,37500,46750,29250,1090,13670,6590,11770,6465,36780,22815
,,3,2008,1833,35500,30000,16266,47408,43250,32250,0.2,0.272,0.369,2115,38750,48500,30000,1130,14330,6965,12320,6835,37985,24250
,,3,2009,2036,33750,28500,14764,46047,41000,30000,0.225,0.296,0.399,2160,36750,46500,28250,1170,14630,7190,12555,7040,38495,25380
,,3,2010,2243,33250,27750,14266,45189,40500,29250,0.23,0.296,0.405,2245,36000,45750,27500,1240,15265,7580,13040,7410,40120,26865
,,3,2011,2586,32500,26750,13809,43810,39500,27750,0.229,0.31,0.422,2320,35000,45250,26750,1300,15875,8050,13585,7865,41500,27700
,,3,2012,3026,31750,26000,13554,42782,38750,27000,0.22,0.316,0.431,2385,33750,44500,26250,1350,16555,8465,14210,8290,43565,29305
,,3,2013,3504,31250,25500,13480,41919,38250,26250,0.211,0.317,0.438,2470,33750,44500,25750,1400,17340,8875,14945,8685,45595,31030
,,3,2014,4053,31250,25500,13645,41871,37000,25750,0.206,0.323,0.442,2570,34500,45000,25250,1455,18355,9455,15865,9250,47700,32865
,,4,1999,3528,47750,39750,24400,57689,62750,48750,0.09,0.126,0.188,3410,31750,43250,35500,2520,15715,9345,11230,7580,25645,15375
,,4,2000,3699,49000,41000,25279,59350,65000,50750,0.088,0.12,0.177,3435,34000,46750,38750,2545,17080,10315,12170,8410,27615,16665
,,4,2001,3876,50750,42500,26006,61665,65500,52000,0.092,0.115,0.172,3605,37000,50500,41500,2645,18615,11230,13145,9250,30110,18165
,,4,2002,4062,48750,41750,24985,60617,64000,51250,0.098,0.124,0.182,3630,36500,49500,40750,2645,19695,11855,13785,9750,31745,18900
,,4,2003,4294,48500,41500,24563,60568,63500,50750,0.104,0.131,0.19,3600,36750,50000,41250,2585,20695,12365,14280,10140,33365,19845
,,4,2004,4561,48500,41250,24479,60632,63750,50750,0.104,0.131,0.192,3570,36750,50500,41750,2535,21470,12895,14620,10535,34490,20750
,,4,2005,4920,48250,41000,24182,60416,63750,50250,0.101,0.132,0.194,3560,37000,50750,42000,2505,22370,13540,14985,11050,35640,21735
,,4,2006,5295,49500,41750,24672,61563,65000,51000,0.1,0.131,0.193,3625,37750,52250,43000,2545,23375,14375,15480,11630,36650,22990
,,4,2007,5582,50250,42500,25183,62394,66500,52000,0.1,0.129,0.189,3700,38000,53500,43250,2600,23745,14655,15665,11820,36670,23365
,,4,2008,5919,52250,44000,26134,64992,68250,53750,0.104,0.127,0.184,3805,39250,56000,44750,2660,24750,15175,16180,12195,37995,24590
,,4,2009,6409,50500,42500,24191,63510,65750,51500,0.118,0.142,0.205,3895,37500,54250,42500,2685,25235,15295,16255,12155,38855,25205
,,4,2010,6903,50250,41750,23366,63081,65750,51000,0.121,0.141,0.208,4035,37000,53750,42000,2755,26105,15575,16600,12320,40295,25835
,,4,2011,7534,49750,41000,23073,62444,64750,49250,0.122,0.147,0.216,4190,36750,53500,41250,2835,26970,15880,17030,12495,41655,26490
,,4,2012,8284,49750,40500,22785,62096,64750,48500,0.12,0.15,0.221,4350,36750,53500,40750,2930,28080,16375,17645,12785,43535,27470
,,4,2013,9072,49250,40000,22510,61703,64250,47500,0.116,0.153,0.226,4510,37000,53500,39500,3025,29300,16950,18370,13185,45620,28545
,,4,2014,9922,49250,40000,22553,61666,62000,45750,0.122,0.165,0.237,4665,38000,54000,38500,3120,30685,17645,19255,13735,48075,29760
,,5,1999,136,32250,28000,15290,44273,39000,29000,0.187,0.302,0.403,2095,33000,34500,25500,1335,8465,5435,7900,5325,20290,9135
,,5,2000,131,33500,29000,15885,45354,40500,30250,0.184,0.301,0.397,2055,35250,37250,27000,1325,9090,5780,8415,5665,22970,9980
,,5,2001,126,35500,29750,15808,48480,42000,31250,0.2,0.296,0.394,2235,38250,43750,28500,1375,9945,6130,8970,6000,29260,12485
,,5,2002,124,35500,31000,15941,48693,41000,31750,0.22,0.309,0.396,2210,38000,42000,29000,1380,10485,6325,9435,6205,30025,13340
,,5,2003,123,35750,30500,16190,49230,41250,30750,0.225,0.307,0.399,2165,39250,42750,28500,1365,10845,6445,9725,6325,29925,13290
,,5,2004,124,36000,30250,15429,49626,41500,30500,0.221,0.313,0.403,2125,39000,44000,29250,1305,11210,6510,9885,6370,31585,13990
,,5,2005,126,35750,29750,15576,48724,41000,29000,0.224,0.311,0.41,2080,38750,43750,29000,1285,11530,6620,10155,6425,30710,15305
,,5,2006,128,37000,30750,16055,50057,42250,30500,0.223,0.309,0.401,2105,39750,45750,30250,1275,12090,6660,10545,6510,32290,15630
,,5,2007,130,36750,30750,15597,49742,42750,30000,0.226,0.309,0.41,2180,39250,47750,30500,1300,12495,6845,10830,6680,32600,17750
,,5,2008,134,38500,32000,16569,51529,43500,30000,0.233,0.315,0.405,2205,40250,50000,31500,1295,13085,7155,11310,6940,33100,19795
,,5,2009,141,36750,29750,14089,50056,41000,27250,0.264,0.344,0.439,2200,38750,50000,29250,1275,13340,7355,11500,7075,33850,20550
,,5,2010,150,35750,28250,13754,48633,40250,26500,0.273,0.342,0.448,2245,37750,49750,27000,1310,13875,7660,11900,7395,35210,21720
,,5,2011,161,35250,27250,13910,48275,39250,25250,0.273,0.35,0.457,2310,37250,49250,27250,1380,14480,8155,12460,7855,34990,22460
,,5,2012,174,35000,26750,13772,46786,39250,24750,0.265,0.362,0.463,2380,36250,49000,27250,1420,15170,8515,13040,8210,36560,23310
,,5,2013,186,34750,26500,13884,46481,39250,24750,0.257,0.361,0.468,2475,35750,48750,26750,1460,15975,8905,13755,8515,37390,23040
,,5,2014,199,35000,26750,13676,47368,37750,24250,0.25,0.366,0.469,2610,36500,48250,26250,1510,17185,9485,14795,9025,39330,24800
,,6,1999,2647,54000,42500,25128,64181,69500,51250,0.102,0.135,0.192,4205,31500,44750,38000,3100,19240,11050,11880,8435,31335,19875
,,6,2000,2733,55750,43750,26013,66087,73250,53750,0.098,0.129,0.183,4260,33750,49000,41250,3050,20780,12180,12675,9200,33580,21260
,,6,2001,2786,56750,45000,26710,68188,72250,54750,0.103,0.126,0.178,4420,37250,52750,44000,3095,22665,13350,13665,10165,36665,23010
,,6,2002,2883,54500,44250,25815,66754,70250,53500,0.111,0.135,0.19,4425,36000,51750,43500,3040,23900,13970,14260,10650,38460,23860
,,6,2003,3008,54250,44000,25200,66641,69500,53000,0.116,0.14,0.197,4345,36500,52500,44000,2955,24875,14450,14760,11090,39680,24465
,,6,2004,3171,54000,43750,25072,66639,69750,53000,0.115,0.139,0.197,4295,36500,53000,44750,2885,25775,14985,15130,11500,40660,25460
,,6,2005,3388,53500,43000,24636,66095,70000,52500,0.112,0.14,0.2,4285,36500,53250,45250,2835,26970,15825,15535,12015,42145,27155
,,6,2006,3624,54750,43750,25053,67426,71500,53250,0.11,0.141,0.199,4335,37500,55500,46250,2855,28105,16670,16025,12630,43200,28535
,,6,2007,3794,56000,44500,25660,68320,73250,54250,0.111,0.139,0.195,4380,38750,57500,46500,2890,28290,16745,16135,12745,42995,28765
,,6,2008,4001,58000,46250,26586,71096,75000,56000,0.115,0.138,0.193,4465,39500,60250,47750,2925,29270,17200,16570,13060,44205,29705
,,6,2009,4302,56250,45000,24849,69726,72000,53500,0.131,0.151,0.211,4565,38250,58500,45500,2940,29745,17190,16590,12965,45020,30200
,,6,2010,4604,56000,44250,24014,69395,72250,53000,0.134,0.151,0.213,4730,38000,58500,45000,2990,30690,17415,16880,13070,46590,30510
,,6,2011,4958,55750,43500,23705,68750,71750,52000,0.135,0.155,0.22,4915,37250,58500,44500,3075,31600,17695,17240,13095,47940,30740
,,6,2012,5351,55750,43000,23546,68635,72000,51500,0.132,0.157,0.224,5120,37000,58750,44250,3185,32850,18335,17820,13215,49940,31515
,,6,2013,5739,55500,42750,23366,68522,71750,50750,0.13,0.16,0.227,5330,37500,58750,43250,3310,34255,19060,18535,13530,52165,32345
,,6,2014,6161,55500,43000,23516,68538,68500,48500,0.139,0.177,0.243,5520,38250,59250,42500,3430,35790,19845,19415,14060,54685,33275
