fy,full_sample,sel_index,typen,new_borrowers,new_undergrad_bor,new_grad_bor,new_parplus_bor,tot_vol,undergrad_loans,grad_loans,parplus_loans,mn_tot_vol,md_tot_vol,mn_undergrad_l,md_undergrad_l,mn_grad_loan,md_grad_loan,mn_parplus_loan,md_parplus_loan,mn_duration_borrowing,md_duration_borrowing,cpi_adj,age,mn_fam_inc,dependent,female,first_gen,median_hh_inc,pct_black,poverty_rate,unemp_rate,md_fam_inc,md_ind_fam_inc,md_dep_fam_inc,md_und_fam_inc,md_grad_fam_inc,md_par_fam_inc
1970,1,,,203,190,13,0,242,222,21,0,1195,890,1170,890,1445,1335,,,5.27,1,0.209694,,,,,,,,,,,,,,,
1971,1,,,148,137,11,0,195,179,17,0,1320,1245,1300,1115,1460,1335,,,5.37,1,0.217343,,,,,,,,,,,,,,,
1972,1,,,139,128,11,0,196,179,17,0,1410,1335,1395,1335,1490,1335,,,5.65,1,0.224633,,,,,,,,,,,,,,,
1973,1,,,135,123,12,0,204,181,23,0,1510,1335,1470,1335,1775,1335,,,5.7,1,0.24199,,,,,,,,,,,,,,,
1974,1,,,141,128,13,0,236,207,29,0,1675,1335,1625,1335,1960,1735,,,6.02,1,0.269745,,,,,,,,,,,,,,,
1975,1,,,160,145,15,0,279,245,35,0,1745,1335,1690,1335,2010,1780,,,6.09,2,0.287627,,,,,,,,,,,,,,,
1976,1,,,188,167,21,0,331,282,49,0,1760,1335,1685,1335,2040,1780,,,6.01,2,0.302189,,,,,,,,,,,,,,,
1977,1,,,262,235,28,0,519,436,82,0,1980,1715,1860,1515,2580,2225,,,6.07,2,0.322139,,,,,,,,,,,,,,,
1978,1,,,351,310,40,0,737,600,137,0,2100,1780,1935,1780,2935,2225,,,5.92,2,0.346492,,,,,,,,,,,,,,,
1979,1,,,637,567,70,0,1452,1189,264,0,2280,2225,2095,2225,3275,2740,,,5.61,2,0.381639,,,,,,,,,,,,,,,
1980,1,,,1097,978,119,0,2553,2058,495,0,2330,2225,2105,2225,3520,3760,,,5.31,1,0.42186,,,,,,,,,,,,,,,
1981,1,,,1504,1334,162,8,3694,2968,702,24,2455,2225,2225,2225,3975,4450,2995,2640,5.12,1,0.452594,,,,,,,,,,,,,,,
1982,1,,,1094,982,96,16,2516,2072,401,42,2300,2225,2110,2225,3925,4450,2700,2640,5.17,1,0.474364,,,,,,,,,,,,,,,
1983,1,,,1229,1098,98,33,2832,2332,411,90,2305,2225,2125,2225,4010,4450,2690,2640,5.02,1,0.491878,,,,,,,,,,,,,,,
1984,1,,,1424,1280,103,42,3281,2730,442,108,2305,2225,2135,2225,4130,4450,2575,2640,4.86,1,0.509814,,,,,,,,,,,,,,,
1985,1,,,1607,1459,98,50,3712,3148,435,130,2310,2225,2160,2225,4255,4450,2585,2640,4.65,1,0.528431,,,,,,,,,,,,,,,
1986,1,,,1579,1446,82,50,3562,3077,359,126,2255,2225,2125,2225,4155,4450,2510,2640,4.42,0,0.536539,,,,,,,,,,,,,,,
1987,1,,,1603,1468,72,64,3952,3382,389,180,2465,2225,2305,2225,5170,4450,2805,2640,4.21,0,0.556903,,,,,,,,,,,,,,,
1988,1,,,1749,1564,79,108,4893,4087,477,329,2795,2335,2615,2335,5800,5845,3035,3520,4.03,0,0.580705,,,,,,,,,,,,,,,
1989,1,,,1735,1516,81,139,5112,4147,537,427,2945,2335,2735,2335,6350,6675,3060,3520,3.96,0,0.60299,,,,,,,,,,,,,,,
1990,1,,,1604,1368,85,153,4933,3813,637,483,3075,2625,2785,2625,7210,7500,3165,3520,4.1,1,0.631967,,,,,,,,,,,,,,,
1991,1,,,1604,1343,94,169,5140,3857,743,541,3205,2625,2870,2625,7525,7500,3210,3520,4.23,1,0.648323,,,,,,,,,,,,,,,
1992,1,,,1616,1330,100,188,5344,3909,820,615,3305,2625,2940,2625,7965,7500,3270,3520,4.29,2,0.665147,,,,,,,,,,,,,,,
1993,1,,,1645,1394,104,149,6181,4480,1055,645,3755,2625,3215,2625,9860,7500,4345,4000,4.4,2,0.679709,,,,,,,,,,,,,,,
1994,1,,,1778,1502,123,154,7923,5507,1506,911,4455,2625,3665,2625,11740,9265,5915,4245,4.44,2,0.694281,,,,,,,,,,,,,,,
1995,1,,,1694,1412,120,163,7904,5386,1507,1011,4665,3000,3815,2625,12060,10000,6190,5000,4.32,2,0.707602,,44920,0.57,0.58,0.4,57242.3,0.15,0.11,0.04,33875,15950,54825,35090,19965,39920
1996,1,,,1829,1533,119,178,8615,5917,1560,1137,4710,3000,3860,2625,12760,11595,6405,5000,4.36,2,0.724261,,47185,0.61,0.59,0.39,56557.3,0.14,0.11,0.04,35725,16340,55615,36790,24310,48545
1997,1,,,1821,1521,115,186,8841,6000,1573,1268,4855,3085,3945,2625,13245,11335,6825,5475,4.29,2,0.732323,,48290,0.62,0.59,0.38,57651,0.14,0.1,0.04,36620,17310,56105,37625,24260,47965
1998,1,,,1816,1519,107,191,8772,5951,1492,1330,4830,3000,3915,2625,13410,12055,6980,5600,4.21,3,0.738253,,50820,0.64,0.59,0.38,59235.3,0.13,0.1,0.04,38955,18575,57800,40170,25030,41425
1999,1,,,1795,1504,100,191,8669,5847,1449,1373,4830,2750,3890,2625,14025,13095,7180,5905,4.12,3,0.753413,21,53430,0.65,0.58,0.39,60687.8,0.12,0.09,0.04,40925,18795,59810,42490,23565,40040
2000,1,,,1831,1529,99,204,9201,6130,1532,1539,5025,3200,4010,2625,14920,14500,7540,6000,3.97,3,0.77168,21,55130,0.65,0.57,0.4,60595.7,0.12,0.09,0.04,42440,20105,60970,43675,27310,44025
2001,1,,,1891,1578,105,209,9742,6428,1624,1689,5150,3315,4075,2625,15040,14855,8100,6620,3.8,3,0.779909,21,56340,0.65,0.57,0.41,60324,0.12,0.09,0.04,42535,20215,61810,43815,27760,40105
2002,1,,,2074,1727,124,224,11173,7256,1977,1940,5390,3500,4200,2625,15570,15900,8675,7140,3.62,3,0.796383,21,56780,0.63,0.58,0.41,60638.8,0.12,0.09,0.04,42470,20815,61920,43545,31505,41825
2003,1,,,2281,1887,139,256,12904,8250,2306,2348,5660,3600,4375,3000,16125,17500,9165,7500,3.38,2,0.811654,21,54955,0.62,0.59,0.4,60379.1,0.12,0.09,0.04,39945,19895,59545,40830,29325,44110
2004,1,,,2464,2051,140,275,14340,9166,2379,2795,5820,3940,4470,3310,16510,18300,10175,8315,3.11,2,0.834702,21,54930,0.62,0.59,0.41,60424.1,0.12,0.09,0.04,39760,19775,59640,40500,30440,40510
2005,1,,,2497,2084,143,271,14770,9408,2462,2900,5915,3980,4515,3315,16810,18500,10700,8830,2.92,2,0.858669,21,55015,0.63,0.6,0.4,60303.3,0.13,0.09,0.04,39710,18850,59160,40580,29950,36280
2006,1,,,2469,2094,136,240,14689,9476,2592,2622,5950,3935,4525,3315,18555,18500,10940,9005,2.73,2,0.876992,21,55485,0.64,0.6,0.4,60374.9,0.13,0.09,0.04,39950,18380,59195,40635,32525,33990
2007,1,,,2463,2111,140,213,15691,10418,2920,2352,6370,4280,4935,3500,20340,18500,11050,9145,2.53,2,0.906824,21,55530,0.64,0.6,0.4,60442.6,0.13,0.09,0.04,39240,18275,58750,39850,32380,31260
2008,1,,,2627,2289,142,198,18998,13655,3066,2277,7230,5500,5965,5500,21180,19640,11520,9645,2.33,2,0.910217,21,55885,0.63,0.59,0.4,60551.7,0.13,0.09,0.04,38140,17385,58940,38585,32900,32325
2009,1,,,3214,2801,169,245,25977,19091,3962,2924,8085,5500,6815,5500,22910,20500,11930,9650,2,2,0.929017,21,55250,0.61,0.59,0.41,60478.5,0.13,0.09,0.04,35575,16360,58150,35890,32345,31075
2010,1,,,3304,2865,164,277,25967,19035,3814,3118,7860,5500,6645,5500,22705,20000,11265,8935,1.7,1,0.941916,22,51870,0.59,0.59,0.42,60273.1,0.13,0.09,0.04,32775,15245,54935,32960,30860,25150
2011,1,,,3272,2826,158,291,25810,18611,3730,3470,7890,5500,6585,5500,23110,20250,11910,9270,1.41,1,0.965479,21,51275,0.62,0.59,0.42,60514.3,0.13,0.09,0.04,32110,14125,52015,32295,31185,22625
2012,1,,,2900,2588,130,182,22632,17000,3283,2349,7805,5500,6570,5500,24725,20500,12890,10000,1.03,1,0.980216,21,51030,0.64,0.59,0.41,60454.4,0.13,0.09,0.04,32020,13085,51295,32060,32765,25175
2013,1,,,2659,2387,115,158,20715,15595,3027,2093,7790,5500,6535,5500,25750,20500,13255,10700,0.55,1,0.992323,21,52970,0.67,0.58,0.39,60749.3,0.13,0.09,0.04,33600,13190,51820,33680,33160,25080
2014,1,,,2552,2274,115,164,20506,15072,3165,2270,8035,5500,6630,5500,27000,20500,13800,11265,0,0,1,20,55495,0.69,0.58,0.37,61191.9,0.13,0.09,0.04,35380,13200,52980,35665,32520,21915
1970,,1,,11,10,0,0,12,11,1,0,1105,890,1085,890,1590,1335,,,3.63,0,0.209694,,,,,,,,,,,,,,,
1971,,1,,11,11,0,0,13,13,0,0,1200,1335,1200,1335,1045,1335,,,3.83,0,0.217343,,,,,,,,,,,,,,,
1972,,1,,13,12,0,0,16,16,0,0,1280,1335,1275,1335,1440,1335,,,4.07,0,0.224633,,,,,,,,,,,,,,,
1973,,1,,11,11,0,0,15,15,0,0,1305,1335,1305,1335,1280,1225,,,4.75,0,0.24199,,,,,,,,,,,,,,,
1974,,1,,14,14,0,0,20,19,1,0,1405,1335,1400,1335,1460,1055,,,4.86,0,0.269745,,,,,,,,,,,,,,,
1975,,1,,18,17,0,0,27,26,0,0,1525,1335,1520,1335,1720,1890,,,5.25,0,0.287627,,,,,,,,,,,,,,,
1976,,1,,22,21,0,0,32,32,1,0,1510,1335,1500,1335,1545,1690,,,4.86,0,0.302189,,,,,,,,,,,,,,,
1977,,1,,29,28,1,0,50,49,2,0,1735,1390,1710,1335,2560,2120,,,4.83,0,0.322139,,,,,,,,,,,,,,,
1978,,1,,43,42,1,0,78,75,3,0,1805,1780,1775,1780,2825,2225,,,5.02,0,0.346492,,,,,,,,,,,,,,,
1979,,1,,64,63,1,0,127,124,3,0,1990,2075,1970,2065,2110,1780,,,5.11,0,0.381639,,,,,,,,,,,,,,,
1980,,1,,113,111,2,0,229,222,7,0,2030,2225,2005,2225,2755,2225,,,4.74,0,0.42186,,,,,,,,,,,,,,,
1981,,1,,179,176,3,0,387,378,8,1,2165,2225,2150,2225,2400,2225,2740,2640,4.55,0,0.452594,,,,,,,,,,,,,,,
1982,,1,,220,216,3,1,470,460,7,3,2135,2225,2125,2225,2340,2225,2210,2505,4.44,0,0.474364,,,,,,,,,,,,,,,
1983,,1,,317,310,2,4,688,674,6,9,2175,2225,2170,2225,2215,2225,2235,2640,4.27,0,0.491878,,,,,,,,,,,,,,,
1984,,1,,402,391,2,9,888,861,6,21,2205,2225,2200,2225,2410,2225,2375,2640,4.25,0,0.509814,,,,,,,,,,,,,,,
1985,,1,,529,515,3,11,1172,1138,7,26,2215,2225,2210,2225,2245,2225,2380,2640,3.95,0,0.528431,,,,,,,,,,,,,,,
1986,,1,,632,613,3,16,1393,1347,8,38,2205,2225,2200,2225,2195,2225,2430,2640,3.59,0,0.536539,,,,,,,,,,,,,,,
1987,,1,,758,734,2,23,1886,1817,7,62,2490,2335,2475,2335,2615,2335,2745,2640,3.34,0,0.556903,,,,,,,,,,,,,,,
1988,,1,,855,817,2,37,2505,2394,8,103,2930,2335,2930,2335,2755,2335,2825,3170,3.14,0,0.580705,,,,,,,,,,,,,,,
1989,,1,,797,751,2,46,2490,2356,7,126,3120,2335,3135,2335,3240,2335,2775,3015,2.93,0,0.60299,,,,,,,,,,,,,,,
1990,,1,,621,576,2,45,1901,1764,7,129,3060,2625,3065,2625,3745,2625,2865,3225,3.12,0,0.631967,,,,,,,,,,,,,,,
1991,,1,,505,462,1,42,1579,1448,6,125,3130,2625,3135,2625,3000,2625,3005,3520,3.26,0,0.648323,,,,,,,,,,,,,,,
1992,,1,,425,383,1,41,1365,1233,4,127,3215,2625,3220,2625,4110,2915,3090,3520,3.32,0,0.665147,,,,,,,,,,,,,,,
1993,,1,,330,295,0,34,1133,993,2,138,3435,2625,3360,2625,3900,2625,4020,4000,3.42,0,0.679709,,,,,,,,,,,,,,,
1994,,1,,309,275,0,34,1215,1048,2,164,3930,2625,3815,2625,6170,4135,4825,4000,3.4,0,0.694281,,,,,,,,,,,,,,,
1995,,1,,288,254,0,34,1197,1031,2,164,4165,3315,4060,3300,7130,3950,4885,4000,3.34,0,0.707602,,28080,0.31,0.64,0.55,56863.6,0.16,0.11,0.04,19190,14700,36755,19170,5440,23990
1996,,1,,303,269,0,34,1290,1108,3,179,4255,3500,4125,3315,13075,7565,5200,4465,3.32,0,0.724261,,28980,0.34,0.64,0.55,57109.8,0.16,0.11,0.04,19270,14275,35065,19235,31030,32070
1997,,1,,305,270,0,35,1362,1168,3,191,4465,3865,4330,3585,7510,6150,5415,4500,3.24,1,0.732323,,30215,0.34,0.62,0.53,58399.2,0.15,0.11,0.04,20685,16055,35055,20600,29480,36510
1998,,1,,318,277,0,41,1444,1212,3,228,4540,3980,4370,3695,11170,6625,5635,4825,3.16,1,0.738253,,31190,0.37,0.61,0.53,57249.7,0.14,0.11,0.04,21765,16795,34790,21740,28700,32965
1999,,1,,337,291,0,46,1612,1323,1,289,4780,4250,4540,4055,4570,4245,6275,5380,2.95,1,0.753413,24,32355,0.36,0.59,0.54,57185.3,0.16,0.11,0.04,22440,17525,35475,22370,34050,31500
2000,,1,,359,309,0,50,1799,1459,3,338,5010,4415,4720,4250,7865,6625,6760,5810,2.83,1,0.77168,24,34710,0.38,0.57,0.55,58111.9,0.15,0.11,0.04,23485,18455,36905,23440,22195,31220
2001,,1,,395,341,0,54,2031,1631,2,399,5135,4425,4775,4415,7660,6075,7380,6235,2.61,1,0.779909,24,35675,0.4,0.55,0.56,57366.7,0.16,0.11,0.04,24470,18530,38600,24445,21040,29165
2002,,1,,441,385,0,56,2345,1890,3,452,5315,4625,4910,4415,7510,4415,8015,6800,2.57,1,0.796383,24,36865,0.4,0.59,0.56,57966.3,0.16,0.11,0.04,24660,18280,38850,24635,29075,30500
2003,,1,,503,441,0,62,2763,2238,2,523,5495,5000,5075,4625,6650,4400,8380,7000,2.33,1,0.811654,24,35135,0.39,0.61,0.57,57235,0.16,0.11,0.04,23755,17680,36255,23700,36100,29370
2004,,1,,589,519,0,71,3371,2693,5,673,5720,5280,5190,4960,13725,13735,9460,7895,2.13,1,0.834702,24,35350,0.39,0.63,0.55,57064,0.16,0.11,0.04,23760,18175,35655,23675,81370,32740
2005,,1,,613,545,0,68,3564,2877,7,681,5820,5535,5285,5250,11565,9250,9955,8195,2,1,0.858669,25,35065,0.4,0.64,0.54,56798.4,0.17,0.11,0.04,23315,17060,35745,23265,34005,27055
2006,,1,,621,560,0,61,3648,3008,6,634,5880,5875,5370,5470,10975,8415,10435,8655,1.83,1,0.876992,24,33530,0.4,0.65,0.54,56226.2,0.17,0.11,0.04,21990,16160,34165,21955,31790,26355
2007,,1,,654,598,0,56,3994,3406,3,585,6105,6175,5695,5915,8635,4000,10365,8525,1.69,1,0.906824,24,33120,0.4,0.64,0.55,56326.1,0.17,0.11,0.04,21845,16505,32985,21820,34830,23645
2008,,1,,740,690,0,50,5290,4776,4,509,7145,7400,6920,7290,8000,4485,10105,8200,1.55,1,0.910217,25,32065,0.38,0.65,0.55,55922.3,0.17,0.11,0.04,20645,15525,32025,20640,27360,25190
2009,,1,,967,906,0,62,7833,7187,5,642,8095,8425,7930,8445,10475,9750,10400,8055,1.31,1,0.929017,25,30095,0.36,0.64,0.57,55409.6,0.18,0.11,0.04,18685,13985,29620,18665,54070,25380
2010,,1,,993,920,0,75,7691,6988,7,696,7745,7700,7600,7800,17935,15705,9300,6965,1.05,1,0.941916,26,28785,0.36,0.63,0.58,55311.8,0.17,0.11,0.04,18130,13430,28365,18125,63005,20385
2011,,1,,841,764,0,78,6531,5793,5,732,7765,7215,7580,7285,12930,9500,9400,6800,0.84,0,0.965479,25,27440,0.39,0.64,0.57,55463.9,0.17,0.11,0.04,17210,12040,27495,17220,35760,16690
2012,,1,,697,655,0,42,5444,4983,2,459,7810,7595,7610,7570,10240,10000,10830,7850,0.65,0,0.980216,25,26425,0.41,0.65,0.56,55072.2,0.17,0.12,0.04,16320,10910,26910,16320,38685,18495
2013,,1,,603,573,0,31,4724,4408,5,311,7830,7820,7700,7770,20385,16810,10095,8050,0.42,0,0.992323,25,27415,0.43,0.64,0.55,55030.5,0.18,0.12,0.04,16905,11145,26845,16895,28600,20190
2014,,1,,555,526,0,30,4440,4115,4,321,8000,7925,7830,7915,17605,19750,10740,8015,0,0,1,24,27215,0.45,0.64,0.54,55061.2,0.18,0.12,0.04,16965,10625,26295,16955,27270,21345
1970,,2,,9,9,0,0,9,8,0,0,985,890,965,890,1530,1515,,,5.01,0,0.209694,,,,,,,,,,,,,,,
1971,,2,,10,10,0,0,11,10,0,0,1075,890,1060,890,1200,1335,,,4.34,0,0.217343,,,,,,,,,,,,,,,
1972,,2,,11,11,0,0,14,14,0,0,1255,1095,1245,1080,1470,1335,,,4.99,0,0.224633,,,,,,,,,,,,,,,
1973,,2,,11,11,0,0,14,13,1,0,1225,1030,1200,980,1860,1335,,,4.91,0,0.24199,,,,,,,,,,,,,,,
1974,,2,,11,11,1,0,16,14,1,0,1370,1335,1350,1335,1690,1780,,,4.72,0,0.269745,,,,,,,,,,,,,,,
1975,,2,,15,14,0,0,21,20,1,0,1400,1335,1385,1335,1610,1410,,,5.75,1,0.287627,,,,,,,,,,,,,,,
1976,,2,,17,16,1,0,23,22,1,0,1390,1335,1375,1335,1840,1560,,,5.78,0,0.302189,,,,,,,,,,,,,,,
1977,,2,,24,23,1,0,37,35,2,0,1560,1335,1530,1335,1945,1335,,,6.73,1,0.322139,,,,,,,,,,,,,,,
1978,,2,,33,32,1,0,52,50,2,0,1560,1335,1540,1335,1940,1780,,,5.88,1,0.346492,,,,,,,,,,,,,,,
1979,,2,,55,54,1,0,98,94,4,0,1775,1560,1735,1515,2275,1780,,,5.62,1,0.381639,,,,,,,,,,,,,,,
1980,,2,,109,106,2,0,199,193,7,0,1835,1780,1815,1780,2255,2225,,,5.37,1,0.42186,,,,,,,,,,,,,,,
1981,,2,,181,178,2,0,368,360,8,0,2035,2225,2020,2225,2490,2225,2135,2640,5.02,1,0.452594,,,,,,,,,,,,,,,
1982,,2,,160,157,2,1,326,320,5,1,2040,2225,2030,2225,2505,2225,1935,2200,4.84,1,0.474364,,,,,,,,,,,,,,,
1983,,2,,181,178,2,1,365,358,5,2,2020,2225,2010,2225,2460,2225,2365,2640,4.92,1,0.491878,,,,,,,,,,,,,,,
1984,,2,,193,189,2,2,389,381,4,4,2020,2225,2015,2225,2585,2225,2180,2290,4.72,1,0.509814,,,,,,,,,,,,,,,
1985,,2,,216,211,2,2,436,425,6,5,2015,2225,2010,2225,2305,2225,2080,2200,4.68,1,0.528431,,,,,,,,,,,,,,,
1986,,2,,199,196,1,2,399,392,3,5,2005,2225,2000,2225,2350,2145,2170,2240,4.82,0,0.536539,,,,,,,,,,,,,,,
1987,,2,,158,155,0,3,312,304,1,7,1975,2225,1965,2225,3155,2225,2270,2510,4.74,1,0.556903,,,,,,,,,,,,,,,
1988,,2,,160,155,0,5,349,333,2,14,2175,2225,2150,2225,4595,5475,2630,2620,4.61,1,0.580705,,,,,,,,,,,,,,,
1989,,2,,162,156,0,6,363,347,2,14,2245,2335,2230,2335,3280,2335,2585,2640,4.63,1,0.60299,,,,,,,,,,,,,,,
1990,,2,,152,145,0,7,356,336,2,18,2350,2500,2320,2500,3785,2625,2780,2815,4.45,1,0.631967,,,,,,,,,,,,,,,
1991,,2,,167,159,0,7,423,402,2,20,2540,2625,2525,2625,3770,2625,2680,2640,4.75,1,0.648323,,,,,,,,,,,,,,,
1992,,2,,179,171,0,8,447,423,2,22,2495,2625,2480,2620,4330,2625,2635,2640,4.68,1,0.665147,,,,,,,,,,,,,,,
1993,,2,,188,183,0,5,483,465,1,17,2565,2625,2545,2625,4245,2815,3090,3000,4.55,1,0.679709,,,,,,,,,,,,,,,
1994,,2,,206,202,0,4,583,566,3,14,2825,2625,2800,2625,8005,5005,3370,3125,4.81,2,0.694281,,,,,,,,,,,,,,,
1995,,2,,199,195,0,4,602,586,3,13,3025,2625,3005,2625,8565,2870,3600,3320,4.84,2,0.707602,,30670,0.39,0.61,0.53,56367.4,0.13,0.09,0.04,22500,13740,44940,22495,11430,20570
1996,,2,,209,205,0,4,635,615,2,17,3035,2625,3005,2625,9480,4625,4000,3640,4.73,2,0.724261,,31565,0.43,0.61,0.51,55422.8,0.13,0.1,0.04,22775,14240,43305,22765,23260,22505
1997,,2,,215,210,0,4,665,647,1,18,3100,2625,3075,2625,3585,2815,4260,3875,4.75,2,0.732323,,32960,0.45,0.61,0.49,56127.8,0.12,0.09,0.04,23560,14530,44685,23560,35575,14105
1998,,2,,211,207,0,4,651,633,1,18,3085,2625,3055,2625,8890,8125,4230,3915,4.56,2,0.738253,,35385,0.48,0.61,0.49,55004.7,0.11,0.09,0.04,26485,16490,47590,26480,0,43535
1999,,2,,192,188,0,5,593,572,1,20,3080,2625,3045,2625,8065,5500,4370,3850,4.53,2,0.753413,22,38030,0.5,0.6,0.49,54619.5,0.1,0.09,0.04,27560,16835,48440,27560,18995,57305
2000,,2,,197,193,0,5,623,602,1,20,3155,2625,3120,2625,9845,7540,4475,4000,4.38,2,0.77168,22,39730,0.52,0.59,0.51,54175.3,0.1,0.09,0.04,30325,18380,50020,30325,27215,42265
2001,,2,,202,197,0,5,644,620,1,23,3185,2625,3145,2625,2505,2625,4845,4000,4.26,3,0.779909,22,40215,0.51,0.59,0.52,54073.5,0.1,0.09,0.04,30175,18560,51120,30175,32005,32310
2002,,2,,247,242,0,4,824,796,1,27,3335,2625,3285,2625,3960,3655,6215,4500,3.98,2,0.796383,22,41750,0.5,0.59,0.51,54651.7,0.1,0.09,0.04,31790,19105,53945,31795,28100,35665
2003,,2,,289,283,0,6,1029,995,1,34,3555,2625,3520,2625,3240,2625,5300,4000,3.74,2,0.811654,23,40740,0.5,0.61,0.51,55034.8,0.1,0.09,0.04,30320,18590,51195,30260,27890,51580
2004,,2,,315,309,0,6,1133,1100,0,33,3595,2625,3560,2625,2625,2625,5255,4500,3.36,2,0.834702,23,40320,0.5,0.61,0.52,54695.4,0.11,0.09,0.04,30225,18430,50425,30220,0,48890
2005,,2,,331,323,0,7,1225,1182,1,42,3705,2625,3655,2625,4245,2625,5730,4500,3.15,2,0.858669,22,41415,0.53,0.6,0.51,54763.3,0.11,0.09,0.04,31240,17880,51200,31185,50495,41995
2006,,2,,328,320,0,8,1222,1173,1,49,3730,2625,3670,2625,3345,3000,6245,5000,2.86,2,0.876992,22,41635,0.55,0.61,0.49,55374.1,0.11,0.09,0.04,31330,17270,50150,31295,50320,31365
2007,,2,,333,327,0,6,1369,1334,0,36,4110,3500,4075,3500,1310,1310,5800,4315,2.62,2,0.906824,22,41800,0.55,0.6,0.49,55176.9,0.12,0.09,0.04,31415,17640,49880,31390,0,47790
2008,,2,,363,358,0,5,1721,1689,1,31,4735,3500,4710,3500,5685,2750,6280,5000,2.33,2,0.910217,22,41795,0.55,0.58,0.48,55470.5,0.12,0.09,0.04,30020,15875,49940,30020,30500,35980
2009,,2,,480,475,0,5,2603,2568,0,34,5425,4500,5410,4500,2875,2875,7010,5000,1.97,2,0.929017,22,42300,0.53,0.56,0.51,56068.5,0.12,0.09,0.04,29605,16010,51050,29605,51110,29690
2010,,2,,518,513,0,5,2886,2848,2,36,5565,4730,5550,4705,6495,7500,6780,5000,1.57,1,0.941916,24,38175,0.49,0.55,0.51,55481.1,0.13,0.1,0.04,25540,14315,47845,25560,3295,23740
2011,,2,,581,574,0,7,3261,3212,3,46,5615,4750,5595,4750,6325,4875,6520,5000,1.23,1,0.965479,23,36660,0.5,0.56,0.51,55664.9,0.13,0.1,0.04,23805,13105,43605,23810,19020,28915
2012,,2,,561,558,0,3,3065,3040,1,24,5465,4540,5450,4525,7275,4000,7350,5500,0.82,1,0.980216,23,35600,0.51,0.56,0.49,55684.9,0.14,0.1,0.04,23465,11615,43025,23470,21505,8655
2013,,2,,499,496,0,3,2686,2659,1,26,5380,4600,5365,4575,7935,4285,8055,6000,0.41,0,0.992323,22,36785,0.54,0.54,0.47,55866.9,0.14,0.1,0.04,24030,11285,42625,24035,53115,8200
2014,,2,,420,417,0,3,2306,2279,0,27,5485,4750,5465,4750,3250,2000,8015,6000,0,0,1,22,38900,0.57,0.54,0.46,56134.1,0.14,0.1,0.04,25635,12100,44560,25660,9110,24105
1970,,3,,51,51,0,0,63,62,0,0,1240,890,1235,890,1335,1335,,,6.1,1,0.209694,,,,,,,,,,,,,,,
1971,,3,,33,33,0,0,46,46,0,0,1400,1200,1395,1195,1355,1335,,,6.07,1,0.217343,,,,,,,,,,,,,,,
1972,,3,,27,27,0,0,41,41,1,0,1525,1335,1510,1335,1470,1335,,,6.2,1,0.224633,,,,,,,,,,,,,,,
1973,,3,,28,28,0,0,48,47,0,0,1670,1335,1655,1335,1630,1335,,,6.24,1,0.24199,,,,,,,,,,,,,,,
1974,,3,,28,28,0,0,51,51,1,0,1835,1335,1805,1335,1750,1560,,,6.61,2,0.269745,,,,,,,,,,,,,,,
1975,,3,,31,31,0,0,63,61,2,0,2020,1335,1970,1335,2090,1780,,,6.65,2,0.287627,,,,,,,,,,,,,,,
1976,,3,,35,35,0,0,73,70,3,0,2090,1690,2010,1600,2655,1780,,,6.2,2,0.302189,,,,,,,,,,,,,,,
1977,,3,,50,50,0,0,112,108,5,0,2245,1780,2155,1780,2745,2225,,,6.47,2,0.322139,,,,,,,,,,,,,,,
1978,,3,,60,60,0,0,141,135,6,0,2370,1855,2265,1780,2910,2225,,,6.29,2,0.346492,,,,,,,,,,,,,,,
1979,,3,,107,107,0,0,271,260,11,0,2525,2225,2425,2225,3340,2480,,,5.96,2,0.381639,,,,,,,,,,,,,,,
1980,,3,,184,184,0,0,446,423,23,0,2420,2225,2295,2225,3385,3560,,,5.61,2,0.42186,,,,,,,,,,,,,,,
1981,,3,,224,223,0,1,514,499,12,2,2295,2225,2235,2225,3455,4450,3045,2640,5.63,2,0.452594,,,,,,,,,,,,,,,
1982,,3,,149,147,0,2,323,311,6,6,2165,2225,2120,2225,3365,4450,2800,2640,5.89,2,0.474364,,,,,,,,,,,,,,,
1983,,3,,168,163,0,5,364,348,4,13,2170,2225,2130,2225,3670,4450,2505,2640,5.65,2,0.491878,,,,,,,,,,,,,,,
1984,,3,,174,170,0,5,372,356,5,11,2135,2225,2100,2225,2775,2620,2455,2640,5.39,2,0.509814,,,,,,,,,,,,,,,
1985,,3,,187,181,0,6,407,389,4,14,2180,2225,2145,2225,3530,2670,2485,2640,5.47,1,0.528431,,,,,,,,,,,,,,,
1986,,3,,172,166,0,5,362,346,4,12,2110,2225,2080,2225,3515,4450,2330,2640,5.18,1,0.536539,,,,,,,,,,,,,,,
1987,,3,,159,152,0,7,351,328,5,19,2205,2225,2155,2225,3725,2335,2550,2640,5.25,2,0.556903,,,,,,,,,,,,,,,
1988,,3,,178,165,0,14,434,388,5,41,2435,2335,2355,2335,4285,2335,3030,3520,5.2,2,0.580705,,,,,,,,,,,,,,,
1989,,3,,181,163,0,18,453,394,5,54,2505,2335,2420,2335,4745,3650,2970,3345,5.08,2,0.60299,,,,,,,,,,,,,,,
1990,,3,,190,169,0,21,522,449,6,67,2750,2625,2650,2625,5800,4750,3205,3520,5.13,2,0.631967,,,,,,,,,,,,,,,
1991,,3,,214,189,0,25,614,528,7,80,2870,2625,2790,2625,5540,5800,3165,3520,5.13,2,0.648323,,,,,,,,,,,,,,,
1992,,3,,229,200,0,29,674,577,6,92,2950,2625,2890,2625,5565,4100,3135,3520,5.02,2,0.665147,,,,,,,,,,,,,,,
1993,,3,,248,227,0,22,818,727,8,84,3295,2625,3205,2625,7120,4000,3865,4000,5.01,2,0.679709,,,,,,,,,,,,,,,
1994,,3,,278,258,0,20,1072,949,19,103,3850,2625,3670,2625,11620,12320,5180,4000,5.07,3,0.694281,,,,,,,,,,,,,,,
1995,,3,,263,243,0,20,1054,923,14,117,4010,2625,3800,2625,9275,8500,5755,4775,4.78,3,0.707602,,39830,0.59,0.58,0.44,52720.1,0.14,0.15,0.04,30230,16400,45550,30205,22440,37805
1996,,3,,285,262,0,23,1155,1010,11,134,4055,2625,3850,2625,9305,7565,5915,4800,4.83,3,0.724261,,40795,0.62,0.6,0.44,50902.5,0.15,0.14,0.04,31015,17095,44765,30965,25695,54900
1997,,3,,287,263,0,24,1226,1063,15,148,4275,2625,4045,2625,11695,8990,6085,5000,4.79,3,0.732323,,41760,0.62,0.6,0.43,52400.1,0.16,0.13,0.04,31315,17825,45080,31235,23210,50045
1998,,3,,288,264,0,23,1211,1052,13,146,4215,2625,3980,2625,11665,9730,6285,5020,4.63,3,0.738253,,44140,0.65,0.59,0.43,53356.5,0.16,0.12,0.04,33630,19040,47070,33535,19505,45645
1999,,3,,277,253,0,24,1167,997,10,159,4210,2625,3940,2625,11175,8500,6650,5155,4.51,3,0.753413,21,45550,0.65,0.59,0.45,55475.2,0.14,0.1,0.04,34140,19090,48125,34140,22155,32555
2000,,3,,287,263,0,24,1253,1079,14,161,4360,2645,4100,2625,13855,12345,6600,5325,4.36,3,0.77168,20,48050,0.68,0.58,0.46,54852,0.15,0.11,0.04,36800,19890,50455,36770,27970,40230
2001,,3,,300,275,0,26,1333,1143,7,183,4440,2750,4160,2625,8000,6375,7190,6000,4.22,3,0.779909,21,50065,0.68,0.58,0.47,54832.8,0.15,0.11,0.04,38870,20755,51995,38875,30140,37810
2002,,3,,322,294,0,27,1498,1279,11,207,4655,3235,4345,2665,12105,9165,7560,6000,3.94,3,0.796383,21,50960,0.67,0.59,0.45,55168.4,0.15,0.11,0.04,38225,21005,51990,38225,36045,35435
2003,,3,,359,327,0,32,1748,1470,15,263,4865,3500,4490,3000,14910,10500,8140,6415,3.76,3,0.811654,21,49290,0.66,0.6,0.45,55045.2,0.15,0.11,0.04,36655,20960,49020,36630,33845,48410
2004,,3,,378,343,0,35,1903,1576,18,309,5030,3500,4590,3315,15160,15435,8775,7295,3.44,3,0.834702,21,49315,0.68,0.6,0.44,54985.6,0.15,0.11,0.04,36680,19600,50265,36660,33550,42700
2005,,3,,370,335,0,36,1918,1556,14,348,5180,3500,4650,3315,15955,17250,9755,8000,3.26,3,0.858669,20.5,50855,0.7,0.61,0.43,55164.7,0.15,0.11,0.04,37815,19440,50025,37835,63745,36190
2006,,3,,370,336,0,34,1894,1555,12,326,5120,3500,4630,3315,13970,12220,9560,7815,3.03,3,0.876992,20,50545,0.71,0.61,0.43,55185.7,0.15,0.12,0.04,38055,19675,49190,38130,26135,31590
2007,,3,,361,331,0,30,1972,1653,17,302,5465,3500,4995,3500,17535,14750,10095,8000,2.8,3,0.906824,20,52655,0.74,0.59,0.42,55626.2,0.14,0.11,0.04,38995,19070,50040,39065,35525,31005
2008,,3,,369,342,0,27,2316,2000,15,300,6275,5500,5845,5500,17875,12675,11125,9000,2.66,3,0.910217,20,54905,0.74,0.58,0.41,56265.9,0.14,0.11,0.04,40480,20025,52085,40530,34255,33170
2009,,3,,436,402,0,34,3058,2671,14,374,7015,5500,6640,5500,14405,9260,11065,8800,2.31,2,0.929017,20,54560,0.72,0.58,0.42,57070.9,0.14,0.11,0.04,39830,19245,51760,39845,30985,36005
2010,,3,,448,408,0,41,3077,2636,12,429,6860,5500,6465,5500,14580,10195,10465,8000,1.95,2,0.941916,20,51490,0.7,0.58,0.42,56607.7,0.15,0.11,0.04,35835,17460,48885,36005,26725,25450
2011,,3,,485,439,0,47,3428,2868,23,537,7065,5500,6540,5500,20605,12290,11425,8630,1.55,2,0.965479,20,49655,0.71,0.58,0.43,56778.3,0.14,0.11,0.04,34350,16705,45230,34670,31010,21555
2012,,3,,423,396,0,27,2934,2605,18,311,6940,5500,6570,5500,17820,16375,11705,9345,1.11,1,0.980216,20,48645,0.72,0.58,0.41,56864.9,0.15,0.11,0.04,33625,15880,43670,33685,40135,27675
2013,,3,,396,372,0,24,2712,2403,18,291,6855,5500,6460,5500,19555,14250,12350,10000,0.57,1,0.992323,20,50450,0.75,0.58,0.4,57073.2,0.15,0.11,0.04,34425,16435,43895,34505,35215,28855
2014,,3,,390,366,0,24,2759,2427,17,316,7075,5500,6625,5500,24745,20500,13330,11000,0,0,1,20,51605,0.76,0.59,0.38,56987.1,0.14,0.11,0.04,35605,15360,45760,35745,22460,18190
1970,,4,,61,61,0,0,72,71,0,0,1170,890,1160,890,1310,1335,,,4.87,1,0.209694,,,,,,,,,,,,,,,
1971,,4,,44,44,0,0,57,56,0,0,1300,1115,1295,1090,1515,1335,,,5.52,1,0.217343,,,,,,,,,,,,,,,
1972,,4,,39,39,0,0,54,54,0,0,1375,1335,1370,1335,1030,1115,,,5.94,1,0.224633,,,,,,,,,,,,,,,
1973,,4,,34,34,0,0,48,48,0,0,1430,1335,1425,1335,1445,1335,,,5.87,1,0.24199,,,,,,,,,,,,,,,
1974,,4,,35,35,0,0,56,55,1,0,1615,1335,1595,1335,2090,1780,,,6.04,1,0.269745,,,,,,,,,,,,,,,
1975,,4,,37,37,0,0,61,60,1,0,1645,1335,1625,1335,1210,935,,,6.32,1,0.287627,,,,,,,,,,,,,,,
1976,,4,,45,45,0,0,73,72,1,0,1630,1335,1605,1335,1795,1780,,,6.87,2,0.302189,,,,,,,,,,,,,,,
1977,,4,,60,60,0,0,109,106,3,0,1815,1485,1775,1425,2355,1780,,,6.33,2,0.322139,,,,,,,,,,,,,,,
1978,,4,,78,78,0,0,151,147,4,0,1935,1780,1885,1780,2110,1780,,,6.36,2,0.346492,,,,,,,,,,,,,,,
1979,,4,,143,143,0,0,285,278,6,0,1990,1870,1945,1780,2375,2180,,,6.01,2,0.381639,,,,,,,,,,,,,,,
1980,,4,,240,240,0,0,496,484,12,0,2070,2225,2020,2225,2250,2225,,,5.87,2,0.42186,,,,,,,,,,,,,,,
1981,,4,,335,333,0,1,755,740,11,4,2255,2225,2220,2225,2865,2225,2810,2640,5.7,2,0.452594,,,,,,,,,,,,,,,
1982,,4,,222,219,0,4,470,456,4,9,2110,2225,2085,2225,2575,2225,2540,2640,5.77,2,0.474364,,,,,,,,,,,,,,,
1983,,4,,230,222,0,8,491,465,2,23,2130,2225,2095,2225,2225,2225,2725,2640,5.81,2,0.491878,,,,,,,,,,,,,,,
1984,,4,,270,259,0,10,573,544,3,26,2125,2225,2095,2225,2505,2225,2600,2640,5.59,2,0.509814,,,,,,,,,,,,,,,
1985,,4,,286,274,0,12,624,590,4,31,2180,2225,2150,2225,3655,3115,2585,2640,5.36,2,0.528431,,,,,,,,,,,,,,,
1986,,4,,247,236,0,11,522,490,3,29,2110,2225,2070,2225,3125,2585,2630,2640,5.45,2,0.536539,,,,,,,,,,,,,,,
1987,,4,,226,211,0,15,499,453,3,43,2210,2225,2145,2225,3265,2565,2945,2640,5.44,2,0.556903,,,,,,,,,,,,,,,
1988,,4,,244,219,0,25,567,489,4,74,2320,2330,2225,2280,4160,3895,2985,3350,5.24,2,0.580705,,,,,,,,,,,,,,,
1989,,4,,262,229,0,33,645,534,4,107,2460,2335,2330,2335,3555,2870,3245,3520,5.3,3,0.60299,,,,,,,,,,,,,,,
1990,,4,,284,246,0,38,768,642,4,123,2705,2625,2610,2625,3725,2625,3215,3520,5.08,3,0.631967,,,,,,,,,,,,,,,
1991,,4,,319,274,0,45,900,749,6,145,2820,2625,2735,2625,4400,4000,3205,3520,4.86,3,0.648323,,,,,,,,,,,,,,,
1992,,4,,349,299,0,51,1029,857,4,168,2945,2625,2870,2625,5035,4000,3315,3520,4.88,3,0.665147,,,,,,,,,,,,,,,
1993,,4,,398,360,0,37,1346,1188,8,151,3385,2625,3295,2625,6530,5850,4050,4000,4.96,3,0.679709,,,,,,,,,,,,,,,
1994,,4,,440,401,0,40,1751,1533,12,206,3975,2625,3825,2625,8135,8110,5205,4000,4.89,3,0.694281,,,,,,,,,,,,,,,
1995,,4,,415,372,0,43,1716,1475,9,233,4140,2750,3960,2625,5715,4250,5480,4625,4.75,3,0.707602,,49975,0.7,0.57,0.39,58618.6,0.14,0.09,0.04,41905,17030,56595,41905,28020,39920
1996,,4,,463,415,0,49,1958,1668,9,282,4230,2625,4025,2625,8085,7000,5780,5000,4.8,3,0.724261,,52325,0.73,0.57,0.39,51991.5,0.1,0.11,0.04,44250,16980,58385,44240,25495,47555
1997,,4,,459,407,0,52,1985,1656,12,317,4330,2645,4070,2625,8650,8450,6120,5150,4.68,3,0.732323,,53875,0.74,0.59,0.38,53199.3,0.09,0.1,0.04,46070,18080,59040,46090,24040,41245
1998,,4,,456,401,0,55,1991,1629,13,349,4365,2625,4060,2625,8370,7780,6360,5300,4.63,3,0.738253,,56220,0.76,0.59,0.37,57553.3,0.14,0.09,0.04,48125,19825,60050,48165,29065,40950
1999,,4,,454,400,0,54,1937,1573,12,352,4265,2625,3930,2625,9075,7500,6540,5425,4.57,3,0.753413,20,59875,0.78,0.59,0.38,59689.4,0.11,0.08,0.03,51980,21090,63325,52015,28065,48000
2000,,4,,450,395,0,56,1986,1586,8,392,4410,2625,4020,2625,8130,8010,7000,5920,4.4,3,0.77168,20,62360,0.79,0.58,0.4,60485.4,0.11,0.08,0.03,53645,21985,64840,53760,41110,45680
2001,,4,,456,400,0,56,2069,1639,10,419,4535,2665,4100,2625,9415,5565,7445,6165,4.27,3,0.779909,20,63955,0.79,0.58,0.39,59840.1,0.12,0.08,0.04,54890,21665,65740,54920,29670,42410
2002,,4,,492,431,0,61,2301,1821,10,469,4680,2920,4225,2625,10100,8000,7725,6535,4.11,3,0.796383,20,65590,0.8,0.59,0.39,60312.7,0.12,0.08,0.03,56365,23755,66395,56395,43605,52490
2003,,4,,525,453,0,72,2599,1977,16,605,4950,3475,4360,2625,10560,8500,8405,7045,3.86,3,0.811654,20,64465,0.79,0.59,0.37,60731.4,0.12,0.08,0.03,54165,22310,64760,54250,33300,47545
2004,,4,,550,474,0,75,2825,2118,15,692,5140,3500,4465,2625,11995,10895,9185,8000,3.58,3,0.834702,20,66120,0.81,0.59,0.38,61044.9,0.12,0.08,0.03,55540,21600,66425,55710,33105,41975
2005,,4,,556,480,0,77,2911,2150,13,747,5230,3500,4485,2645,9990,8500,9710,8330,3.35,3,0.858669,20,66540,0.81,0.58,0.37,61307.7,0.12,0.08,0.03,55955,20920,66395,56190,46320,37615
2006,,4,,540,471,0,69,2805,2096,14,696,5200,3405,4450,2625,12110,10105,10050,8950,3.2,3,0.876992,19,68845,0.83,0.58,0.36,61837.7,0.11,0.08,0.03,58370,21285,68050,58640,31405,38305
2007,,4,,530,471,0,59,2927,2306,20,601,5520,3500,4895,3500,12215,8500,10170,9000,3.01,3,0.906824,19,70205,0.84,0.58,0.36,61982.5,0.11,0.08,0.03,59365,20510,68560,59700,38300,33100
2008,,4,,550,493,0,58,3560,2910,17,634,6475,5500,5910,5500,15005,10215,10985,9785,2.83,3,0.910217,19,71020,0.85,0.58,0.35,62466.1,0.12,0.08,0.03,59370,21480,68370,59595,38240,37305
2009,,4,,628,560,0,69,4559,3788,22,749,7260,5500,6770,5500,15665,13500,10915,9375,2.51,3,0.929017,19,72845,0.84,0.57,0.36,62807.7,0.12,0.08,0.03,59755,20595,69815,60100,42855,34085
2010,,4,,647,569,0,78,4615,3753,24,838,7130,5500,6590,5500,14070,12800,10730,9000,2.18,2,0.941916,19,70060,0.83,0.57,0.36,62932.7,0.12,0.08,0.03,56240,18675,66035,56710,29295,26585
2011,,4,,673,587,0,87,4943,3902,19,1021,7340,5500,6650,5500,16035,10250,11775,10000,1.77,2,0.965479,19,67160,0.83,0.58,0.36,62851.5,0.12,0.08,0.03,52305,17990,62610,52995,28495,25005
2012,,4,,605,549,0,56,4411,3706,17,688,7295,5500,6750,5500,21155,19110,12370,10265,1.28,2,0.980216,19,67125,0.84,0.57,0.35,63213.8,0.12,0.08,0.03,52475,16995,61905,52795,44805,26050
2013,,4,,581,530,0,52,4259,3565,11,682,7325,5500,6730,5500,18390,12500,13090,11230,0.65,1,0.992323,19,68170,0.85,0.57,0.34,63532,0.12,0.08,0.03,53565,17005,62235,53915,18530,25275
2014,,4,,592,536,0,56,4377,3620,16,741,7390,5500,6750,5500,21045,19470,13205,11680,0,0,1,19,68815,0.86,0.57,0.32,63403.4,0.11,0.08,0.03,53410,17155,62680,53930,36725,24715
1970,,5,,59,59,0,0,69,68,1,0,1180,890,1170,890,1210,1335,,,5.56,1,0.209694,,,,,,,,,,,,,,,
1971,,5,,40,40,0,0,53,53,1,0,1335,1245,1320,1155,1335,1335,,,5.57,1,0.217343,,,,,,,,,,,,,,,
1972,,5,,39,39,0,0,55,55,1,0,1430,1335,1415,1335,1145,1335,,,5.93,1,0.224633,,,,,,,,,,,,,,,
1973,,5,,39,39,0,0,59,58,1,0,1520,1335,1505,1335,1365,1335,,,5.98,1,0.24199,,,,,,,,,,,,,,,
1974,,5,,40,40,0,0,68,67,1,0,1695,1335,1670,1335,1515,1335,,,6.64,2,0.269745,,,,,,,,,,,,,,,
1975,,5,,45,45,0,0,78,77,1,0,1740,1335,1710,1335,1530,1335,,,6.5,2,0.287627,,,,,,,,,,,,,,,
1976,,5,,51,51,0,0,89,87,2,0,1755,1335,1710,1335,1690,1780,,,6.14,2,0.302189,,,,,,,,,,,,,,,
1977,,5,,74,74,0,0,142,139,2,0,1920,1780,1885,1780,1765,1525,,,6.18,2,0.322139,,,,,,,,,,,,,,,
1978,,5,,98,98,0,0,198,193,5,0,2020,1780,1970,1780,2510,2225,,,6.23,3,0.346492,,,,,,,,,,,,,,,
1979,,5,,200,200,0,0,442,432,10,0,2210,2225,2160,2225,2530,2225,,,5.71,2,0.381639,,,,,,,,,,,,,,,
1980,,5,,337,337,0,0,761,735,25,0,2260,2225,2185,2225,2870,2225,,,5.34,2,0.42186,,,,,,,,,,,,,,,
1981,,5,,429,423,0,6,1027,990,20,17,2395,2225,2340,2225,3355,3560,3070,2640,5.23,2,0.452594,,,,,,,,,,,,,,,
1982,,5,,251,243,0,8,556,526,7,23,2220,2225,2165,2225,3115,2670,2875,2640,5.48,3,0.474364,,,,,,,,,,,,,,,
1983,,5,,239,224,0,15,536,488,6,43,2240,2225,2175,2225,3460,3480,2875,2640,5.38,3,0.491878,,,,,,,,,,,,,,,
1984,,5,,287,270,0,17,638,589,4,45,2225,2225,2180,2225,3040,3405,2745,2640,5.28,3,0.509814,,,,,,,,,,,,,,,
1985,,5,,296,277,0,19,665,606,5,54,2245,2225,2190,2225,3565,4450,2790,2640,5.06,2,0.528431,,,,,,,,,,,,,,,
1986,,5,,251,235,0,16,548,502,4,42,2185,2225,2140,2225,3330,2225,2620,2640,5.05,3,0.536539,,,,,,,,,,,,,,,
1987,,5,,233,216,0,17,534,480,4,50,2290,2225,2220,2225,3980,3680,2970,2640,5.05,3,0.556903,,,,,,,,,,,,,,,
1988,,5,,235,208,0,28,584,484,4,96,2480,2335,2330,2335,5150,5085,3430,3520,5,3,0.580705,,,,,,,,,,,,,,,
1989,,5,,254,217,0,37,644,516,4,125,2535,2335,2375,2335,4050,3115,3375,3520,4.89,3,0.60299,,,,,,,,,,,,,,,
1990,,5,,274,233,0,42,773,622,6,146,2820,2625,2670,2625,4945,4000,3480,3520,4.8,3,0.631967,,,,,,,,,,,,,,,
1991,,5,,308,259,0,49,909,731,7,171,2950,2625,2825,2625,4870,4000,3480,3520,4.7,3,0.648323,,,,,,,,,,,,,,,
1992,,5,,336,278,0,59,1031,819,7,206,3065,2625,2945,2625,6295,6595,3510,3520,4.64,3,0.665147,,,,,,,,,,,,,,,
1993,,5,,379,329,0,50,1376,1108,12,256,3630,2625,3370,2625,9810,7500,5125,4000,4.7,3,0.679709,,,,,,,,,,,,,,,
1994,,5,,422,365,0,57,1859,1410,24,425,4405,2625,3860,2625,9890,8500,7500,5360,4.66,3,0.694281,,,,,,,,,,,,,,,
1995,,5,,411,348,0,63,1872,1371,16,484,4555,2750,3945,2625,8220,8325,7650,6000,4.52,3,0.707602,,63885,0.82,0.54,0.29,63610.1,0.13,0.09,0.03,55700,15405,65580,55715,28085,55480
1996,,5,,451,383,0,67,2056,1517,14,525,4565,2625,3960,2625,9720,8500,7800,6035,4.62,3,0.724261,,67005,0.85,0.55,0.27,65746.2,0.11,0.08,0.03,59415,16975,68090,59415,28725,60965
1997,,5,,441,371,0,70,2072,1467,12,594,4695,2625,3950,2625,9755,8500,8470,6900,4.55,3,0.732323,,68465,0.86,0.54,0.28,64077.1,0.12,0.08,0.04,59920,17890,68015,59885,37625,63495
1998,,5,,437,369,0,68,2027,1424,14,588,4640,2625,3860,2625,10725,8500,8700,7000,4.54,3,0.738253,,72935,0.87,0.55,0.27,67542,0.11,0.08,0.03,64840,19135,72505,64930,34925,44175
1999,,5,,434,371,0,63,1943,1381,10,553,4480,2625,3725,2625,10575,8530,8790,7085,4.53,3,0.753413,19,75540,0.88,0.55,0.28,67299.8,0.09,0.07,0.03,66660,18475,73485,66730,30550,48825
2000,,5,,438,369,0,69,2044,1405,12,627,4670,2625,3810,2625,8975,8375,9075,7500,4.39,3,0.77168,19,78455,0.88,0.55,0.28,67559.9,0.09,0.07,0.03,69340,20220,76830,69310,38285,69695
2001,,5,,433,365,0,68,2073,1395,12,665,4790,2625,3825,2625,11560,9235,9785,8000,4.22,3,0.779909,19,83720,0.89,0.55,0.28,68228.6,0.09,0.07,0.03,72405,20510,79430,72530,35190,49965
2002,,5,,449,374,0,75,2266,1469,13,784,5050,2625,3925,2625,13615,11875,10495,8700,4.06,3,0.796383,19,85140,0.89,0.55,0.27,68781.3,0.09,0.07,0.03,73995,21965,80295,74145,41575,50470
2003,,5,,466,383,0,83,2514,1570,21,923,5400,3310,4105,2625,14230,10695,11105,9220,3.83,3,0.811654,19,85260,0.89,0.55,0.26,68478.9,0.09,0.07,0.03,73365,20505,80730,73470,39350,56410
2004,,5,,492,405,0,87,2785,1679,19,1087,5665,3500,4145,2625,13965,13215,12555,10000,3.61,3,0.834702,19,85135,0.9,0.55,0.26,69456.8,0.09,0.07,0.03,73245,21310,80080,73580,74030,49645
2005,,5,,485,402,0,83,2739,1643,14,1082,5655,3000,4085,2625,13620,10305,13075,10885,3.44,3,0.858669,19,86515,0.91,0.54,0.26,69439.5,0.09,0.07,0.03,74605,20200,80775,74755,70640,47150
2006,,5,,476,408,0,68,2575,1645,13,917,5410,2625,4030,2625,13080,9535,13535,11000,3.27,3,0.876992,19,87425,0.91,0.55,0.25,69693.8,0.08,0.07,0.03,75730,19320,81910,76045,32990,39500
2007,,5,,445,384,0,61,2564,1719,16,828,5765,3500,4480,3500,17735,17250,13525,11310,3.09,3,0.906824,19,89300,0.92,0.55,0.25,70348.2,0.08,0.07,0.03,77140,18865,82825,77390,45075,38475
2008,,5,,463,405,0,58,3100,2280,17,802,6700,5500,5625,5500,19395,18250,13925,12000,2.87,3,0.910217,19,93665,0.92,0.54,0.25,70961.9,0.08,0.07,0.03,78715,18785,84320,78950,38835,38065
2009,,5,,534,458,0,76,4033,2877,30,1126,7550,5500,6280,5500,25585,19635,14795,12400,2.53,3,0.929017,19,98370,0.92,0.54,0.24,71777.7,0.08,0.07,0.03,81795,20475,87520,82025,44635,35570
2010,,5,,533,455,0,78,3953,2810,24,1119,7420,5500,6170,5500,21870,17910,14435,12070,2.27,3,0.941916,19,91755,0.91,0.55,0.24,72109.4,0.08,0.07,0.03,75920,17630,82305,76460,86340,27960
2011,,5,,534,462,0,73,3987,2835,19,1133,7460,5500,6135,5500,21015,20500,15605,12750,1.92,2,0.965479,19,90510,0.92,0.54,0.25,72226.4,0.08,0.07,0.03,73840,17015,79990,74345,32430,28255
2012,,5,,485,430,0,54,3552,2667,18,867,7330,5500,6195,5500,19680,19455,15940,13275,1.39,2,0.980216,19,89290,0.92,0.54,0.24,71791.7,0.08,0.07,0.03,73100,16775,79020,73570,36790,27350
2013,,5,,465,417,0,48,3359,2560,16,784,7220,5500,6135,5500,19525,15000,16250,13575,0.71,1,0.992323,19,90210,0.93,0.54,0.23,71843.9,0.08,0.07,0.03,73910,15935,79000,74320,45710,28810
2014,,5,,480,428,0,51,3512,2631,15,866,7320,5500,6140,5500,21200,18435,16820,14305,0,0,1,19,93685,0.93,0.54,0.23,72341,0.09,0.06,0.03,75610,14570,81495,76280,24670,20805
1970,,6,,12,0,12,0,18,0,18,0,1455,1335,,,1455,1335,,,4.05,1,0.209694,,,,,,,,,,,,,,,
1971,,6,,10,0,10,0,15,0,15,0,1490,1335,,,1490,1335,,,4.35,1,0.217343,,,,,,,,,,,,,,,
1972,,6,,10,0,10,0,15,0,15,0,1515,1335,,,1515,1335,,,4.68,1,0.224633,,,,,,,,,,,,,,,
1973,,6,,12,0,12,0,21,0,21,0,1805,1335,,,1805,1335,,,4.68,1,0.24199,,,,,,,,,,,,,,,
1974,,6,,12,0,12,0,25,0,25,0,2020,1780,,,2020,1780,,,5.19,1,0.269745,,,,,,,,,,,,,,,
1975,,6,,15,0,15,0,30,0,30,0,2080,1780,,,2080,1780,,,4.45,1,0.287627,,,,,,,,,,,,,,,
1976,,6,,20,0,20,0,41,0,41,0,2055,1780,,,2055,1780,,,4.87,2,0.302189,,,,,,,,,,,,,,,
1977,,6,,26,0,26,0,69,0,69,0,2645,2225,,,2645,2225,,,5.19,2,0.322139,,,,,,,,,,,,,,,
1978,,6,,39,0,39,0,117,0,117,0,3030,2225,,,3030,2225,,,4.74,2,0.346492,,,,,,,,,,,,,,,
1979,,6,,67,0,67,0,229,0,229,0,3405,3115,,,3405,3115,,,4.41,2,0.381639,,,,,,,,,,,,,,,
1980,,6,,115,0,115,0,422,0,422,0,3685,4345,,,3685,4345,,,4.05,1,0.42186,,,,,,,,,,,,,,,
1981,,6,,157,0,157,0,643,0,643,0,4100,4450,,,4100,4450,,,3.61,1,0.452594,,,,,,,,,,,,,,,
1982,,6,,91,0,91,0,372,0,372,0,4065,4450,,,4065,4450,,,3.97,1,0.474364,,,,,,,,,,,,,,,
1983,,6,,94,0,94,0,388,0,388,0,4130,4450,,,4130,4450,,,3.8,1,0.491878,,,,,,,,,,,,,,,
1984,,6,,99,0,99,0,420,0,420,0,4260,4450,,,4260,4450,,,3.48,1,0.509814,,,,,,,,,,,,,,,
1985,,6,,93,0,93,0,409,0,409,0,4400,4450,,,4400,4450,,,3.49,1,0.528431,,,,,,,,,,,,,,,
1986,,6,,78,0,78,0,338,0,338,0,4305,4450,,,4305,4450,,,3.1,1,0.536539,,,,,,,,,,,,,,,
1987,,6,,69,0,69,0,369,0,369,0,5350,4450,,,5350,4450,,,3.19,1,0.556903,,,,,,,,,,,,,,,
1988,,6,,76,0,76,0,454,0,454,0,5970,6185,,,5970,6185,,,3.24,1,0.580705,,,,,,,,,,,,,,,
1989,,6,,79,0,79,0,517,0,517,0,6540,6675,,,6540,6675,,,3,2,0.60299,,,,,,,,,,,,,,,
1990,,6,,83,0,83,0,612,0,612,0,7400,7500,,,7400,7500,,,2.82,2,0.631967,,,,,,,,,,,,,,,
1991,,6,,92,0,92,0,716,0,716,0,7750,7500,,,7750,7500,,,2.85,2,0.648323,,,,,,,,,,,,,,,
1992,,6,,99,0,99,0,798,0,798,0,8085,7500,,,8085,7500,,,2.73,2,0.665147,,,,,,,,,,,,,,,
1993,,6,,103,0,103,0,1025,0,1025,0,9985,7500,,,9985,7500,,,2.62,2,0.679709,,,,,,,,,,,,,,,
1994,,6,,122,0,122,0,1444,0,1444,0,11855,9500,,,11855,9500,,,2.63,2,0.694281,,,,,,,,,,,,,,,
1995,,6,,119,0,119,0,1462,0,1462,0,12265,10330,,,12265,10330,,,2.54,2,0.707602,,32095,0.04,0.57,0.24,66568.4,0.12,0.1,0.04,19785,18635,61125,,19785,
1996,,6,,118,0,118,0,1521,0,1521,0,12880,11845,,,12880,11845,,,2.48,1,0.724261,,35610,0.08,0.56,0.24,66266.8,0.1,0.08,0.03,24225,21605,66360,,24225,
1997,,6,,114,0,114,0,1531,0,1531,0,13385,11685,,,13385,11685,,,2.41,1,0.732323,,36285,0.08,0.57,0.25,66173.7,0.12,0.09,0.04,24115,22405,52770,,24115,
1998,,6,,107,0,107,0,1448,0,1448,0,13545,12300,,,13545,12300,,,2.42,1,0.738253,,36365,0.09,0.58,0.24,69409,0.1,0.07,0.03,24945,23165,51465,,24945,
1999,,6,,100,0,100,0,1416,0,1416,0,14170,13400,,,14170,13400,,,2.38,2,0.753413,27,37000,0.09,0.57,0.24,67735.9,0.1,0.08,0.03,23360,21980,36300,,23360,
2000,,6,,99,0,99,0,1495,0,1495,0,15100,14800,,,15100,14800,,,2.34,2,0.77168,26,40555,0.11,0.58,0.24,67256.6,0.1,0.08,0.03,27100,25110,41695,,27100,
2001,,6,,104,0,104,0,1592,0,1592,0,15250,15050,,,15250,15050,,,2.35,2,0.779909,26,41250,0.1,0.58,0.24,68654.2,0.11,0.08,0.03,27555,26170,37585,,27555,
2002,,6,,124,0,124,0,1939,0,1939,0,15705,16065,,,15705,16065,,,2.24,2,0.796383,26,45575,0.13,0.58,0.22,69420.4,0.1,0.08,0.03,31390,29700,42510,,31390,
2003,,6,,138,0,138,0,2250,0,2250,0,16270,18000,,,16270,18000,,,2.09,1,0.811654,26,43445,0.11,0.59,0.21,69327.7,0.1,0.08,0.03,29015,26950,39390,,29015,
2004,,6,,140,0,140,0,2322,0,2322,0,16595,18485,,,16595,18485,,,2.06,1,0.834702,26,45235,0.14,0.58,0.23,69208.6,0.1,0.08,0.03,30095,27315,44525,,30095,
2005,,6,,142,0,142,0,2413,0,2413,0,16940,18500,,,16940,18500,,,2.03,1,0.858669,26,44040,0.15,0.59,0.22,68381,0.1,0.08,0.03,29570,26185,45560,,29570,
2006,,6,,136,0,136,0,2546,0,2546,0,18730,18500,,,18730,18500,,,1.96,2,0.876992,26,48770,0.19,0.61,0.21,68105.6,0.1,0.08,0.03,32610,27880,54965,,32610,
2007,,6,,140,0,140,0,2865,0,2865,0,20500,18500,,,20500,18500,,,1.92,2,0.906824,26,48280,0.21,0.6,0.21,68706.3,0.1,0.08,0.03,32160,27175,53775,,32160,
2008,,6,,141,0,141,0,3012,0,3012,0,21320,19955,,,21320,19955,,,1.85,2,0.910217,26,49530,0.21,0.6,0.21,69096.5,0.1,0.08,0.03,32795,27975,55160,,32795,
2009,,6,,169,0,169,0,3891,0,3891,0,23040,20500,,,23040,20500,,,1.69,2,0.929017,26,53105,0.21,0.59,0.2,69136.2,0.1,0.08,0.03,32230,27215,57140,,32230,
2010,,6,,164,0,164,0,3744,0,3744,0,22880,20250,,,22880,20250,,,1.54,1,0.941916,26,50870,0.22,0.6,0.2,69435.6,0.1,0.08,0.03,30765,25155,57565,,30765,
2011,,6,,157,0,157,0,3660,0,3660,0,23270,20405,,,23270,20405,,,1.37,1,0.965479,26,50355,0.24,0.6,0.2,69541.6,0.1,0.08,0.03,31210,23945,58670,,31210,
2012,,6,,130,0,130,0,3227,0,3227,0,24880,20500,,,24880,20500,,,1.14,1,0.980216,26,53565,0.26,0.6,0.21,69394.5,0.1,0.08,0.03,32625,25545,60680,,32625,
2013,,6,,115,0,115,0,2976,0,2976,0,25915,20500,,,25915,20500,,,0.69,1,0.992323,26,52675,0.28,0.6,0.21,68579.6,0.1,0.08,0.03,33175,25240,57565,,33175,
2014,,6,,115,0,115,0,3112,0,3112,0,27130,20500,,,27130,20500,,,0,0,1,26,53320,0.28,0.61,0.2,68853.7,0.11,0.08,0.03,32585,24125,57635,,32585,
1970,,,1,9,8,0,0,9,9,1,0,1095,890,1065,890,1590,1335,,,3.83,0,0.209694,,,,,,,,,,,,,,,
1971,,,1,9,9,0,0,11,10,0,0,1175,1335,1170,1270,1075,1335,,,4.06,0,0.217343,,,,,,,,,,,,,,,
1972,,,1,11,11,0,0,14,14,0,0,1275,1335,1265,1335,1440,1335,,,4.12,0,0.224633,,,,,,,,,,,,,,,
1973,,,1,10,9,0,0,12,12,0,0,1285,1335,1280,1335,1375,1335,,,4.96,0,0.24199,,,,,,,,,,,,,,,
1974,,,1,12,11,0,0,16,16,1,0,1395,1335,1385,1335,1460,1055,,,4.76,0,0.269745,,,,,,,,,,,,,,,
1975,,,1,15,15,0,0,22,22,0,0,1485,1335,1480,1335,1720,1890,,,5.34,0,0.287627,,,,,,,,,,,,,,,
1976,,,1,18,18,0,0,27,27,1,0,1495,1335,1485,1335,1545,1690,,,4.9,0,0.302189,,,,,,,,,,,,,,,
1977,,,1,24,24,1,0,41,39,2,0,1680,1335,1650,1335,2540,2120,,,4.7,0,0.322139,,,,,,,,,,,,,,,
1978,,,1,35,34,1,0,60,58,3,0,1745,1670,1710,1620,2760,2225,,,4.96,0,0.346492,,,,,,,,,,,,,,,
1979,,,1,49,48,1,0,95,92,3,0,1920,1915,1900,1915,2170,1775,,,4.82,0,0.381639,,,,,,,,,,,,,,,
1980,,,1,86,84,2,0,170,164,6,0,1975,2225,1945,2225,2765,2225,,,4.58,0,0.42186,,,,,,,,,,,,,,,
1981,,,1,142,139,3,0,300,292,8,1,2120,2225,2105,2225,2380,2225,2750,2640,4.38,0,0.452594,,,,,,,,,,,,,,,
1982,,,1,178,175,3,1,375,366,7,2,2100,2225,2095,2225,2270,2225,2220,2435,4.39,0,0.474364,,,,,,,,,,,,,,,
1983,,,1,256,251,2,3,544,533,6,6,2125,2225,2120,2225,2215,2225,2250,2640,4.17,0,0.491878,,,,,,,,,,,,,,,
1984,,,1,330,322,2,6,716,697,6,13,2170,2225,2165,2225,2435,2225,2315,2640,4.16,0,0.509814,,,,,,,,,,,,,,,
1985,,,1,451,440,3,7,987,963,7,17,2190,2225,2185,2225,2280,2225,2350,2640,3.8,0,0.528431,,,,,,,,,,,,,,,
1986,,,1,553,540,3,10,1209,1177,7,25,2185,2225,2180,2225,2150,2225,2395,2640,3.47,0,0.536539,,,,,,,,,,,,,,,
1987,,,1,671,655,2,14,1649,1605,7,38,2460,2335,2450,2335,2590,2335,2650,2640,3.22,0,0.556903,,,,,,,,,,,,,,,
1988,,,1,760,734,2,24,2214,2141,8,65,2915,2335,2920,2335,2800,2335,2665,2850,3.02,0,0.580705,,,,,,,,,,,,,,,
1989,,,1,703,670,2,32,2188,2097,7,85,3115,2335,3130,2335,3255,2335,2650,2730,2.81,0,0.60299,,,,,,,,,,,,,,,
1990,,,1,522,491,2,31,1573,1483,7,83,3015,2625,3025,2625,3730,2625,2730,2980,2.99,0,0.631967,,,,,,,,,,,,,,,
1991,,,1,404,377,1,26,1195,1116,5,74,2960,2625,2955,2625,3050,2625,2865,3195,3.17,0,0.648323,,,,,,,,,,,,,,,
1992,,,1,316,293,1,23,960,891,4,65,3035,2625,3040,2625,4105,3210,2860,3345,3.23,0,0.665147,,,,,,,,,,,,,,,
1993,,,1,230,212,0,18,734,659,2,72,3185,2625,3115,2625,3395,2625,3940,4000,3.36,0,0.679709,,,,,,,,,,,,,,,
1994,,,1,210,191,0,19,763,672,2,90,3640,2625,3525,2625,6595,4760,4735,4000,3.32,0,0.694281,,,,,,,,,,,,,,,
1995,,,1,192,172,0,20,741,649,1,91,3870,3135,3770,2825,6100,3950,4680,4000,3.23,0,0.707602,,24930,0.28,0.69,0.57,55700.1,0.18,0.12,0.04,16760,12605,33130,16750,0,22690
1996,,,1,198,179,0,19,794,701,3,89,4005,3315,3910,3225,13075,7565,4820,4225,3.18,0,0.724261,,25910,0.31,0.69,0.58,54978.6,0.18,0.12,0.04,16270,12150,31680,16255,31030,27950
1997,,,1,190,171,0,19,799,698,1,99,4200,3570,4080,3365,6155,4250,5200,4325,3.09,0,0.732323,,26245,0.32,0.68,0.57,55856.6,0.18,0.12,0.04,17480,13480,30755,17430,16565,33440
1998,,,1,191,170,0,21,818,701,3,114,4280,3650,4130,3400,13140,7065,5355,4725,3.02,0,0.738253,,27240,0.35,0.68,0.56,54884,0.17,0.12,0.04,18640,14205,29720,18595,29225,30810
1999,,,1,199,175,0,24,881,738,1,143,4440,4000,4225,3750,5290,5915,5945,5025,2.77,0,0.753413,24,27480,0.33,0.66,0.58,55674.8,0.17,0.12,0.04,19245,14930,32240,19100,38485,32280
2000,,,1,210,184,0,26,961,804,1,156,4585,4090,4375,3900,5715,6625,6025,5100,2.57,0,0.77168,23,29435,0.36,0.64,0.59,56027.7,0.16,0.12,0.04,19640,15450,32950,19605,15280,23830
2001,,,1,226,198,0,28,1056,875,1,180,4680,4250,4420,4065,5075,5520,6545,5650,2.36,0,0.779909,23,30260,0.38,0.62,0.59,55730,0.17,0.12,0.04,20680,14945,34360,20635,6495,26865
2002,,,1,251,221,0,30,1201,992,1,209,4775,4415,4475,4205,4355,4250,6945,6200,2.23,0,0.796383,23,31975,0.39,0.65,0.6,56274,0.17,0.12,0.04,20790,14535,35285,20775,15700,27765
2003,,,1,286,251,0,36,1428,1169,1,258,4990,4565,4665,4415,4875,4795,7240,6265,1.98,0,0.811654,24,30500,0.39,0.67,0.61,55687.9,0.17,0.12,0.04,19905,13925,34060,19845,27005,25105
2004,,,1,328,286,0,42,1729,1381,1,347,5275,4970,4820,4625,9540,6625,8345,7035,1.74,0,0.834702,24,30165,0.4,0.67,0.59,55552.3,0.17,0.12,0.04,19625,13525,32960,19575,76405,30300
2005,,,1,332,291,0,41,1788,1427,1,360,5385,5155,4900,4865,6990,6625,8770,7570,1.58,0,0.858669,24,31035,0.43,0.67,0.57,55825.9,0.18,0.12,0.04,19820,12905,34040,19775,22945,22965
2006,,,1,324,287,0,37,1773,1434,0,339,5475,5520,4995,5155,4500,4500,9155,7910,1.37,0,0.876992,23,29680,0.43,0.69,0.57,55078.6,0.18,0.12,0.04,18420,11780,32400,18355,2805,27435
2007,,,1,322,288,0,34,1853,1539,0,314,5755,5905,5345,5540,8500,8500,9215,7815,1.21,0,0.906824,23,29380,0.44,0.68,0.57,55265.7,0.18,0.12,0.04,18475,11580,31980,18450,43760,23145
2008,,,1,338,311,0,28,2233,1993,0,240,6600,6925,6405,6840,3500,3750,8700,7410,1.07,0,0.910217,23,28875,0.43,0.68,0.58,55133.7,0.18,0.12,0.04,17805,11095,30770,17785,18895,21580
2009,,,1,439,407,0,32,3306,3035,0,270,7530,7865,7465,7940,6500,6500,8325,6865,0.87,0,0.929017,24,27330,0.41,0.67,0.58,54711.9,0.19,0.12,0.04,16350,10345,28660,16340,69010,22645
2010,,,1,468,428,0,41,3436,3128,0,308,7340,7370,7310,7500,,,7560,6000,0.69,0,0.941916,24,27655,0.42,0.65,0.6,55117.9,0.18,0.12,0.04,16940,10705,28360,16920,,21700
2011,,,1,423,380,0,43,3115,2788,1,326,7370,7125,7345,7410,6705,6825,7525,5935,0.55,0,0.965479,24,26300,0.44,0.67,0.59,55671.5,0.17,0.12,0.04,16510,10015,27425,16510,29600,16455
2012,,,1,349,324,0,25,2647,2426,0,222,7585,7900,7485,7915,,,8905,6970,0.45,0,0.980216,24,25930,0.46,0.68,0.58,55363.5,0.17,0.12,0.04,16020,9505,26655,16010,,18340
2013,,,1,297,278,0,19,2274,2110,0,164,7660,8000,7590,8025,,,8715,7420,0.33,0,0.992323,23,27430,0.49,0.67,0.58,55562.6,0.17,0.12,0.04,16955,9745,27255,16930,,19720
2014,,,1,280,263,0,18,2189,2006,0,183,7805,7915,7640,7915,,,10180,7630,0,0,1,23,26835,0.5,0.67,0.56,55327.5,0.17,0.12,0.04,16770,9415,26975,16770,,16705
1970,,,2,2,2,0,0,2,2,0,0,1145,890,1150,890,890,890,,,2.82,0,0.209694,,,,,,,,,,,,,,,
1971,,,2,2,2,0,0,3,3,0,0,1315,1335,1315,1335,775,775,,,2.8,0,0.217343,,,,,,,,,,,,,,,
1972,,,2,1,1,0,0,2,2,0,0,1325,1335,1325,1335,,,,,3.68,0,0.224633,,,,,,,,,,,,,,,
1973,,,2,2,2,0,0,3,3,0,0,1410,1335,1410,1335,1040,1335,,,3.94,0,0.24199,,,,,,,,,,,,,,,
1974,,,2,2,2,0,0,3,3,0,0,1460,1335,1460,1335,,,,,5.37,0,0.269745,,,,,,,,,,,,,,,
1975,,,2,3,2,0,0,4,4,0,0,1755,1335,1750,1335,1855,2005,,,4.56,0,0.287627,,,,,,,,,,,,,,,
1976,,,2,3,3,0,0,5,5,0,0,1610,1335,1585,1335,2335,2225,,,4.48,0,0.302189,,,,,,,,,,,,,,,
1977,,,2,5,5,0,0,10,9,0,0,2025,1960,2005,1960,2015,1610,,,5.56,1,0.322139,,,,,,,,,,,,,,,
1978,,,2,9,9,0,0,18,18,0,0,2055,2225,2035,2225,2610,1780,,,5.33,1,0.346492,,,,,,,,,,,,,,,
1979,,,2,15,15,0,0,33,32,1,0,2220,2225,2200,2225,2210,2225,,,6.04,1,0.381639,,,,,,,,,,,,,,,
1980,,,2,28,27,1,0,62,59,3,0,2235,2225,2195,2225,2645,2225,,,5.31,1,0.42186,,,,,,,,,,,,,,,
1981,,,2,38,37,1,0,92,87,6,0,2410,2225,2335,2225,4125,4450,2640,2640,5.14,1,0.452594,,,,,,,,,,,,,,,
1982,,,2,42,41,1,0,98,94,4,0,2315,2225,2275,2225,3760,4450,2160,2640,4.65,1,0.474364,,,,,,,,,,,,,,,
1983,,,2,62,59,1,2,148,141,5,3,2410,2225,2385,2225,3830,4450,2205,2640,4.64,1,0.491878,,,,,,,,,,,,,,,
1984,,,2,74,69,2,3,182,164,11,7,2450,2225,2370,2225,4630,4450,2495,2640,4.63,1,0.509814,,,,,,,,,,,,,,,
1985,,,2,80,74,2,4,191,175,7,9,2395,2225,2350,2225,4195,4450,2450,2640,4.75,1,0.528431,,,,,,,,,,,,,,,
1986,,,2,80,73,1,5,190,170,6,13,2380,2225,2330,2225,3885,4450,2500,2640,4.37,0,0.536539,,,,,,,,,,,,,,,
1987,,,2,88,79,1,8,242,212,5,24,2745,2335,2690,2335,4895,4050,2895,2640,4.31,1,0.556903,,,,,,,,,,,,,,,
1988,,,2,97,83,1,12,298,252,8,38,3085,2335,3025,2335,5385,5640,3145,3520,4.14,1,0.580705,,,,,,,,,,,,,,,
1989,,,2,96,82,1,14,311,259,10,42,3235,2335,3185,2335,6905,6675,3060,3520,3.79,1,0.60299,,,,,,,,,,,,,,,
1990,,,2,100,85,1,15,334,281,7,46,3340,2625,3305,2625,6760,4895,3150,3520,3.81,1,0.631967,,,,,,,,,,,,,,,
1991,,,2,102,85,1,16,394,332,11,52,3875,2625,3915,2625,6790,6030,3240,3520,3.62,1,0.648323,,,,,,,,,,,,,,,
1992,,,2,110,90,2,18,418,343,13,62,3800,2630,3795,2625,7620,7500,3370,3520,3.59,1,0.665147,,,,,,,,,,,,,,,
1993,,,2,102,84,2,16,426,333,27,66,4175,3080,3975,2625,10815,11500,4115,4000,3.52,1,0.679709,,,,,,,,,,,,,,,
1994,,,2,102,84,3,15,488,377,38,74,4785,3925,4470,3315,13210,11500,4945,4000,3.55,1,0.694281,,,,,,,,,,,,,,,
1995,,,2,99,82,3,14,493,382,38,73,4990,4040,4665,3880,12605,10000,5165,4000,3.53,1,0.707602,,34930,0.36,0.54,0.51,60034,0.1,0.09,0.04,25605,18885,42645,25445,34620,25290
1996,,,2,108,89,3,16,540,406,44,90,4995,4110,4560,3725,14215,13250,5640,4700,3.57,1,0.724261,,35275,0.39,0.53,0.5,61581,0.12,0.09,0.04,25335,19770,41245,25175,30040,42195
1997,,,2,118,98,4,16,613,470,51,92,5185,4340,4770,4085,13660,12000,5670,4845,3.46,1,0.732323,,37380,0.38,0.51,0.47,62380.7,0.11,0.08,0.04,26750,20705,40990,26590,35320,36955
1998,,,2,131,108,4,19,679,511,54,114,5190,4415,4750,4115,12960,12330,5945,5000,3.34,1,0.738253,,37595,0.39,0.5,0.49,60758.2,0.11,0.09,0.04,27525,21720,41565,27335,33125,34510
1999,,,2,143,117,4,22,790,585,59,146,5525,4740,5005,4415,13895,12790,6640,5800,3.2,1,0.753413,24,39580,0.39,0.48,0.49,59408.4,0.14,0.09,0.04,27900,22065,40775,27610,40010,29210
2000,,,2,154,125,4,24,911,655,75,182,5930,5290,5220,4625,16285,18500,7555,6375,3.17,1,0.77168,24,42125,0.4,0.47,0.49,61028,0.13,0.09,0.04,30155,24675,41465,29855,42335,35175
2001,,,2,176,144,6,26,1076,756,102,218,6120,5345,5265,4770,16740,18500,8245,7000,2.91,1,0.779909,25,43515,0.41,0.47,0.51,59967.6,0.14,0.09,0.04,30730,24990,44055,30335,45165,32890
2002,,,2,198,164,9,26,1287,898,146,243,6485,5850,5490,5085,16595,18500,9235,7805,3.01,1,0.796383,25,44565,0.41,0.51,0.51,60552.5,0.14,0.09,0.04,31560,25830,42810,30730,55425,37375
2003,,,2,229,190,12,27,1532,1069,199,265,6705,6125,5620,5290,16375,18500,9900,8230,2.78,1,0.811654,25,42410,0.37,0.54,0.51,59796.5,0.15,0.09,0.04,29895,25725,38425,29145,51495,33040
2004,,,2,276,232,14,30,1882,1312,244,327,6825,6290,5650,5450,16810,18500,11025,9450,2.61,1,0.834702,26,43060,0.36,0.57,0.5,59462.3,0.15,0.1,0.04,30460,26760,39290,29285,56675,37360
2005,,,2,296,253,16,27,2026,1450,255,320,6845,6625,5725,5855,16160,18500,11745,9510,2.48,1,0.858669,26,40905,0.35,0.6,0.51,58442.8,0.15,0.1,0.04,28265,24350,39050,27430,50390,30550
2006,,,2,311,273,15,24,2154,1573,286,295,6920,6625,5765,6125,18600,18500,12445,10300,2.32,1,0.876992,26,38725,0.35,0.61,0.5,57850.6,0.16,0.1,0.04,26685,22715,36375,25930,44880,25610
2007,,,2,347,310,15,22,2417,1867,279,271,6965,6625,6020,6250,18760,19500,12120,10000,2.16,1,0.906824,26,37510,0.34,0.62,0.53,57753.9,0.15,0.1,0.04,25535,21995,34470,24900,44290,25045
2008,,,2,417,379,15,23,3382,2783,329,270,8105,7500,7340,7500,20910,20500,11790,9890,1.96,1,0.910217,26,35690,0.33,0.62,0.52,56961.5,0.16,0.1,0.04,23485,19890,33160,22955,43435,26975
2009,,,2,546,499,18,29,4934,4151,411,372,9030,9500,8315,9220,22350,20500,12690,10040,1.68,1,0.929017,27,33105,0.31,0.61,0.54,56319.5,0.17,0.1,0.04,21010,17580,30595,20580,39580,28890
2010,,,2,544,492,18,34,4603,3860,355,388,8465,8660,7850,8305,18910,16560,11385,8030,1.38,1,0.941916,27,30890,0.3,0.62,0.56,55828.4,0.17,0.11,0.04,19600,16245,28560,19075,43415,19335
2011,,,2,433,384,15,35,3744,3005,332,406,8635,7505,7820,7140,21675,18000,11745,8380,1.13,1,0.965479,27,29445,0.34,0.62,0.55,55700.4,0.17,0.11,0.04,18330,14265,27800,17950,36620,16910
2012,,,2,360,331,12,17,3070,2557,276,237,8515,7500,7730,7115,21845,18300,13575,9885,0.87,1,0.980216,27,28090,0.35,0.63,0.54,55240.4,0.18,0.11,0.04,17130,12960,27115,16630,38685,21040
2013,,,2,317,294,11,12,2696,2298,251,147,8495,7750,7805,7290,22455,18125,12270,9300,0.51,1,0.992323,26,28255,0.37,0.62,0.52,54954,0.18,0.11,0.04,17235,13095,26340,16860,35675,21620
2014,,,2,286,263,11,12,2520,2109,274,137,8825,8305,8020,7910,24385,19400,11585,8585,0,0,1,26,28480,0.39,0.62,0.52,55207.7,0.18,0.11,0.04,17555,12820,25615,17130,35230,26250
1970,,,3,6,6,0,0,6,5,0,0,940,890,925,890,1555,1600,,,4.77,1,0.209694,,,,,,,,,,,,,,,
1971,,,3,7,7,0,0,8,7,0,0,1050,890,1035,890,1200,1200,,,4.16,0,0.217343,,,,,,,,,,,,,,,
1972,,,3,8,8,0,0,11,10,0,0,1255,1050,1250,1070,1090,890,,,4.88,0,0.224633,,,,,,,,,,,,,,,
1973,,,3,9,9,0,0,10,10,0,0,1165,890,1150,890,1535,1290,,,4.61,0,0.24199,,,,,,,,,,,,,,,
1974,,,3,8,8,0,0,11,10,0,0,1300,1305,1300,1335,1355,1200,,,4.12,0,0.269745,,,,,,,,,,,,,,,
1975,,,3,11,11,0,0,15,15,1,0,1315,1245,1295,1200,1625,1335,,,5.72,0,0.287627,,,,,,,,,,,,,,,
1976,,,3,12,12,0,0,16,15,1,0,1295,1335,1285,1335,1705,1335,,,5.55,0,0.302189,,,,,,,,,,,,,,,
1977,,,3,17,17,0,0,24,24,1,0,1440,1335,1430,1335,1390,1335,,,6.59,1,0.322139,,,,,,,,,,,,,,,
1978,,,3,26,25,1,0,38,36,2,0,1455,1335,1435,1335,1710,1780,,,5.86,0,0.346492,,,,,,,,,,,,,,,
1979,,,3,45,44,1,0,75,73,3,0,1690,1335,1660,1335,1875,1780,,,5.69,1,0.381639,,,,,,,,,,,,,,,
1980,,,3,91,90,2,0,163,159,4,0,1785,1780,1775,1780,1945,1780,,,5.41,1,0.42186,,,,,,,,,,,,,,,
1981,,,3,157,155,2,0,315,310,6,0,2005,2225,1990,2225,2245,2225,1790,1495,5.03,1,0.452594,,,,,,,,,,,,,,,
1982,,,3,140,138,2,0,281,277,4,1,2005,2225,2000,2225,2300,2180,1855,1980,4.78,1,0.474364,,,,,,,,,,,,,,,
1983,,,3,162,160,1,1,323,318,3,1,1990,2225,1990,2225,2195,2225,2145,2200,4.92,1,0.491878,,,,,,,,,,,,,,,
1984,,,3,174,171,1,2,348,341,3,3,2000,2225,1995,2225,2490,2225,2135,2200,4.75,1,0.509814,,,,,,,,,,,,,,,
1985,,,3,193,189,2,2,384,376,5,3,1995,2225,1990,2225,2140,2225,2030,2200,4.68,1,0.528431,,,,,,,,,,,,,,,
1986,,,3,179,177,1,2,356,350,2,4,1985,2225,1985,2225,2115,2015,2130,2200,4.88,1,0.536539,,,,,,,,,,,,,,,
1987,,,3,139,137,0,2,269,264,1,5,1935,2225,1930,2225,2845,2225,2250,2470,4.76,1,0.556903,,,,,,,,,,,,,,,
1988,,,3,137,133,0,4,284,274,1,10,2070,2225,2050,2225,3410,2335,2510,2310,4.7,1,0.580705,,,,,,,,,,,,,,,
1989,,,3,138,134,0,4,292,280,1,11,2110,2225,2095,2225,2200,1580,2520,2640,4.7,1,0.60299,,,,,,,,,,,,,,,
1990,,,3,131,126,0,5,295,280,1,15,2250,2415,2230,2400,2515,2625,2720,2640,4.54,1,0.631967,,,,,,,,,,,,,,,
1991,,,3,145,139,0,6,356,339,1,16,2460,2570,2450,2545,2400,2250,2645,2640,4.87,1,0.648323,,,,,,,,,,,,,,,
1992,,,3,158,151,0,7,378,360,1,17,2395,2510,2390,2510,2335,2325,2530,2490,4.79,1,0.665147,,,,,,,,,,,,,,,
1993,,,3,168,164,0,4,416,403,1,12,2470,2600,2460,2600,2745,2625,2870,2655,4.63,1,0.679709,,,,,,,,,,,,,,,
1994,,,3,188,185,0,3,516,506,1,9,2750,2625,2740,2625,4780,2625,3150,2925,4.88,2,0.694281,,,,,,,,,,,,,,,
1995,,,3,184,181,0,3,543,533,1,9,2955,2625,2945,2625,3165,2570,3485,3350,4.94,2,0.707602,,30625,0.39,0.6,0.53,55994.7,0.13,0.09,0.04,22505,13570,45790,22495,11430,28050
1996,,,3,193,190,0,3,571,559,0,12,2955,2625,2940,2625,2335,2375,3700,3465,4.82,2,0.724261,,31555,0.43,0.61,0.51,54428.1,0.12,0.09,0.04,22925,14345,43460,22915,23260,14085
1997,,,3,203,200,0,3,615,603,0,12,3040,2625,3025,2625,2625,2625,3940,3505,4.82,2,0.732323,,32710,0.45,0.61,0.49,56193.6,0.12,0.09,0.04,23535,14540,44885,23535,35575,17135
1998,,,3,200,197,0,3,603,590,0,12,3015,2625,3000,2625,6185,3750,3945,3675,4.63,2,0.738253,,35330,0.48,0.61,0.49,54672.1,0.11,0.09,0.04,26525,16385,47680,26505,0,43535
1999,,,3,183,180,0,4,556,540,0,15,3030,2625,3005,2625,4585,3500,4245,3600,4.58,2,0.753413,22,37750,0.5,0.6,0.49,54503.9,0.1,0.09,0.04,27375,16700,48675,27375,25985,57305
2000,,,3,187,184,0,3,577,562,0,15,3085,2625,3060,2625,5520,5520,4280,4000,4.44,3,0.77168,22,39685,0.52,0.59,0.51,54145.7,0.1,0.09,0.04,30365,18375,50135,30395,17150,37005
2001,,,3,192,188,0,4,599,582,1,15,3120,2625,3095,2625,2450,2365,4410,4000,4.29,3,0.779909,22,40405,0.51,0.59,0.52,54115.1,0.1,0.09,0.04,30385,18490,51490,30385,31075,32310
2002,,,3,236,233,0,3,774,754,1,18,3275,2625,3240,2625,3955,3315,5550,4300,4.03,3,0.796383,22,41695,0.5,0.59,0.51,54686,0.1,0.09,0.04,31905,19100,54120,31925,26645,39785
2003,,,3,278,273,0,5,977,951,1,25,3510,2625,3485,2625,3405,2975,4875,4000,3.78,2,0.811654,23,40755,0.5,0.61,0.51,55047.3,0.1,0.09,0.04,30495,18595,51170,30495,27890,52675
2004,,,3,303,298,0,5,1079,1053,0,26,3555,2625,3530,2625,2625,2625,4865,4000,3.4,2,0.834702,23,40345,0.5,0.61,0.51,54666.8,0.1,0.09,0.04,30405,18600,50490,30405,0,43735
2005,,,3,318,312,0,6,1166,1131,0,35,3665,2625,3625,2625,2955,2465,5460,4250,3.18,2,0.858669,22,41480,0.53,0.6,0.51,54817,0.11,0.09,0.04,31495,18045,51325,31460,50495,41705
2006,,,3,316,309,0,7,1164,1126,1,37,3680,2625,3640,2625,3600,3100,5555,4520,2.89,2,0.876992,22,41870,0.55,0.61,0.49,55449.7,0.11,0.09,0.04,31685,17450,50185,31670,40245,36175
2007,,,3,320,314,0,5,1298,1269,0,28,4060,3500,4035,3500,1310,1310,5440,4000,2.67,2,0.906824,22,42165,0.56,0.6,0.49,55320.1,0.11,0.09,0.04,31870,18020,50310,31860,0,48780
2008,,,3,350,346,0,4,1635,1613,0,22,4675,3500,4665,3500,2720,1750,5420,5000,2.37,2,0.910217,22,42135,0.55,0.58,0.48,55570.6,0.12,0.09,0.04,30560,16075,50265,30560,29290,35980
2009,,,3,463,459,0,4,2485,2462,0,23,5365,4500,5360,4500,2875,2875,6120,4930,2,2,0.929017,22,42620,0.53,0.56,0.51,56135.9,0.12,0.09,0.04,30010,16290,51830,30010,51110,35965
2010,,,3,502,498,0,4,2776,2749,1,26,5530,4600,5520,4595,5615,5500,6515,5090,1.59,1,0.941916,24,38325,0.49,0.55,0.51,55539.4,0.12,0.09,0.04,25770,14470,48265,25785,17035,22470
2011,,,3,564,559,0,6,3141,3104,3,34,5565,4650,5555,4630,6490,5000,5920,4990,1.24,1,0.965479,23,36735,0.5,0.56,0.51,55673.2,0.13,0.1,0.04,23895,13170,43800,23890,20370,31630
2012,,,3,546,544,0,3,2966,2947,1,19,5430,4500,5420,4500,4630,3500,7465,5500,0.83,1,0.980216,23,35665,0.51,0.56,0.49,55735.4,0.14,0.1,0.04,23545,11680,43230,23560,20740,8655
2013,,,3,486,483,0,2,2589,2573,0,16,5330,4500,5320,4500,3745,4125,6670,5580,0.41,0,0.992323,22,36865,0.54,0.54,0.47,55914.6,0.14,0.1,0.04,24150,11315,42975,24150,40845,7960
2014,,,3,408,405,0,2,2209,2192,0,17,5420,4750,5410,4750,3250,2000,6900,5355,0,0,1,22,39030,0.57,0.54,0.46,56202.7,0.14,0.1,0.04,25875,12130,44995,25875,9110,25865
1970,,,4,106,101,5,0,127,118,9,0,1195,890,1170,890,1420,1335,,,5.25,1,0.209694,,,,,,,,,,,,,,,
1971,,,4,76,72,5,0,102,94,8,0,1335,1155,1315,1075,1460,1335,,,5.3,1,0.217343,,,,,,,,,,,,,,,
1972,,,4,64,60,4,0,90,83,7,0,1405,1335,1380,1335,1485,1335,,,5.72,1,0.224633,,,,,,,,,,,,,,,
1973,,,4,59,55,4,0,87,80,7,0,1465,1335,1440,1335,1630,1335,,,6.12,1,0.24199,,,,,,,,,,,,,,,
1974,,,4,62,58,5,0,105,94,10,0,1675,1335,1635,1335,1855,1335,,,6.19,2,0.269745,,,,,,,,,,,,,,,
1975,,,4,68,62,7,0,116,102,14,0,1705,1335,1650,1335,1890,1780,,,6.06,2,0.287627,,,,,,,,,,,,,,,
1976,,,4,74,66,8,0,131,113,18,0,1760,1335,1705,1335,1945,1780,,,6.17,2,0.302189,,,,,,,,,,,,,,,
1977,,,4,105,93,11,0,201,171,30,0,1925,1600,1830,1425,2350,1780,,,6.26,2,0.322139,,,,,,,,,,,,,,,
1978,,,4,140,124,17,0,288,236,52,0,2050,1780,1905,1780,2725,2225,,,6.15,2,0.346492,,,,,,,,,,,,,,,
1979,,,4,269,239,30,0,593,488,105,0,2205,2225,2040,1960,3070,2670,,,5.67,2,0.381639,,,,,,,,,,,,,,,
1980,,,4,484,432,52,0,1104,901,204,0,2280,2225,2085,2225,3325,3295,,,5.34,2,0.42186,,,,,,,,,,,,,,,
1981,,,4,677,596,79,2,1671,1329,337,4,2465,2225,2230,2225,3885,4450,2625,2640,5.23,1,0.452594,,,,,,,,,,,,,,,
1982,,,4,407,360,43,4,932,743,177,11,2290,2225,2065,2225,3790,4450,2670,2640,5.41,2,0.474364,,,,,,,,,,,,,,,
1983,,,4,417,359,47,11,959,740,189,30,2300,2225,2065,2225,3865,4450,2645,2640,5.34,2,0.491878,,,,,,,,,,,,,,,
1984,,,4,477,414,48,14,1094,858,200,36,2295,2225,2070,2225,3910,4450,2560,2640,5.15,2,0.509814,,,,,,,,,,,,,,,
1985,,,4,502,439,47,17,1165,921,199,45,2320,2225,2100,2225,4080,4450,2645,2640,5.07,2,0.528431,,,,,,,,,,,,,,,
1986,,,4,438,384,38,16,985,785,159,41,2250,2225,2045,2225,3965,4450,2565,2640,5.11,2,0.536539,,,,,,,,,,,,,,,
1987,,,4,390,337,32,22,912,692,157,62,2340,2225,2055,2225,4705,4450,2830,2640,5.12,2,0.556903,,,,,,,,,,,,,,,
1988,,,4,415,340,36,40,1044,725,196,123,2520,2285,2135,2170,5255,4975,3100,3520,5.05,2,0.580705,,,,,,,,,,,,,,,
1989,,,4,439,350,37,52,1156,776,214,166,2635,2335,2220,2225,5530,5340,3185,3520,5.01,2,0.60299,,,,,,,,,,,,,,,
1990,,,4,478,383,38,58,1389,955,247,187,2905,2625,2495,2500,6200,6325,3235,3520,4.83,2,0.631967,,,,,,,,,,,,,,,
1991,,,4,543,433,43,69,1654,1141,294,219,3045,2625,2635,2625,6575,6875,3200,3520,4.73,2,0.648323,,,,,,,,,,,,,,,
1992,,,4,590,467,47,76,1890,1295,345,250,3205,2625,2775,2625,7090,7500,3285,3520,4.71,3,0.665147,,,,,,,,,,,,,,,
1993,,,4,682,579,48,56,2486,1859,400,226,3645,2625,3210,2625,8080,7500,4050,4000,4.79,3,0.679709,,,,,,,,,,,,,,,
1994,,,4,759,649,55,55,3291,2453,557,281,4335,2950,3780,2625,9625,8500,5070,4000,4.78,3,0.694281,,,,,,,,,,,,,,,
1995,,,4,737,618,55,64,3361,2409,601,350,4560,3205,3900,2625,10325,8500,5480,4875,4.59,3,0.707602,,47880,0.66,0.55,0.37,59262.8,0.14,0.09,0.04,37625,14850,56030,40080,16060,41685
1996,,,4,820,689,55,76,3798,2722,625,451,4630,3075,3950,2625,10960,8500,5895,5000,4.67,3,0.724261,,50600,0.7,0.56,0.36,54061.8,0.11,0.11,0.04,40595,15900,57285,42535,20395,61695
1997,,,4,797,668,52,77,3737,2668,599,471,4685,3075,3990,2625,10980,8500,6085,5140,4.61,3,0.732323,,51475,0.7,0.57,0.36,53678.2,0.11,0.1,0.04,41365,16570,57890,43530,20380,50005
1998,,,4,783,657,46,81,3619,2570,545,504,4620,2815,3915,2625,11280,9000,6245,5265,4.55,3,0.738253,,54840,0.73,0.57,0.35,58142.9,0.14,0.09,0.04,44690,18030,59965,46880,22070,42785
1999,,,4,759,640,43,76,3443,2424,535,483,4540,2625,3785,2625,12100,10000,6380,5500,4.51,3,0.753413,20,57165,0.74,0.57,0.37,60252.6,0.11,0.08,0.03,46930,17760,61910,49330,20270,44920
2000,,,4,771,646,43,82,3636,2513,579,544,4720,2750,3890,2625,12845,10925,6660,5800,4.35,3,0.77168,20,60130,0.76,0.56,0.38,60569,0.11,0.08,0.03,49750,19045,63600,51935,22570,48885
2001,,,4,778,653,43,83,3741,2569,574,598,4805,2900,3935,2625,12910,11245,7215,6190,4.2,3,0.779909,20,62065,0.76,0.57,0.38,60394.6,0.12,0.09,0.03,50990,19020,65170,53660,21110,42015
2002,,,4,841,698,51,93,4247,2838,713,695,5050,3320,4070,2625,13485,12000,7510,6610,4,3,0.796383,20,63210,0.75,0.57,0.36,60859.4,0.11,0.09,0.03,51760,20385,65840,54065,25870,50510
2003,,,4,908,745,56,108,4848,3152,825,870,5335,3500,4230,2625,14150,12905,8065,7000,3.76,3,0.811654,20,61940,0.74,0.57,0.36,60714.6,0.12,0.09,0.03,49590,19045,63995,52050,21115,52520
2004,,,4,954,785,56,113,5268,3387,863,1018,5525,3500,4315,2665,14815,13875,9010,8000,3.5,3,0.834702,20,62715,0.76,0.57,0.36,61189.7,0.11,0.09,0.03,50230,18755,64050,52490,23550,44805
2005,,,4,953,781,58,114,5398,3393,921,1084,5660,3500,4340,2665,15350,15000,9485,8000,3.32,3,0.858669,20,63595,0.77,0.57,0.35,61344,0.12,0.09,0.03,50550,18075,64545,53225,23980,38750
2006,,,4,929,772,56,101,5212,3317,938,957,5610,3500,4295,2625,16210,14215,9465,8110,3.13,3,0.876992,20,65465,0.79,0.57,0.34,61864.6,0.11,0.09,0.03,53115,19160,65740,55510,27275,37820
2007,,,4,904,755,57,92,5495,3560,1033,902,6080,3500,4715,3500,17475,15000,9835,8525,2.93,3,0.906824,20,66565,0.8,0.56,0.34,62105.1,0.11,0.08,0.03,54010,17725,66525,56585,26225,34700
2008,,,4,952,811,56,85,6556,4609,1052,895,6885,5500,5685,5500,18210,15085,10515,9080,2.76,3,0.910217,20,69335,0.81,0.56,0.34,62910.4,0.11,0.08,0.03,55765,18710,67755,58250,28615,37385
2009,,,4,1108,933,68,107,8430,5927,1353,1150,7610,5500,6350,5500,19375,16910,10775,9040,2.42,3,0.929017,20,71440,0.8,0.56,0.34,63509.1,0.11,0.08,0.03,56020,18720,69480,58745,28335,36450
2010,,,4,1138,956,70,113,8608,6010,1408,1189,7560,5500,6285,5500,19635,17000,10480,8710,2.1,2,0.941916,20,66950,0.79,0.56,0.34,63368.8,0.11,0.08,0.03,51700,17445,64935,54045,28870,26605
2011,,,4,1177,990,69,119,8982,6213,1440,1330,7630,5500,6275,5500,20405,17000,11150,9260,1.7,2,0.965479,20,65315,0.79,0.56,0.34,63294.4,0.11,0.08,0.03,48350,16625,61060,50460,27940,24695
2012,,,4,1051,917,53,82,7943,5789,1187,966,7555,5500,6315,5500,21650,19975,11835,10000,1.23,2,0.980216,19,64805,0.81,0.56,0.33,63504.1,0.11,0.08,0.03,48440,15865,60070,50060,29935,26850
2013,,,4,1006,882,49,75,7570,5521,1128,921,7520,5500,6260,5500,22355,20500,12290,10540,0.63,1,0.992323,19,66990,0.83,0.55,0.32,63776.5,0.11,0.08,0.03,50705,16240,61665,52195,31730,28800
2014,,,4,1007,878,49,81,7770,5570,1166,1034,7715,5500,6340,5500,23540,20500,12825,11000,0,0,1,19,68615,0.84,0.56,0.31,64063.8,0.11,0.08,0.03,51660,15990,62110,53285,32265,23565
1970,,,5,3,3,0,0,3,3,0,0,1070,890,1050,890,1495,1425,,,5.5,0,0.209694,,,,,,,,,,,,,,,
1971,,,5,3,3,0,0,3,3,0,0,1135,970,1130,960,1185,1335,,,4.81,0,0.217343,,,,,,,,,,,,,,,
1972,,,5,3,3,0,0,4,3,0,0,1270,1335,1225,1335,3560,3560,,,5.31,1,0.224633,,,,,,,,,,,,,,,
1973,,,5,2,2,0,0,4,3,0,0,1450,1335,1385,1335,2670,1780,,,5.99,1,0.24199,,,,,,,,,,,,,,,
1974,,,5,3,3,0,0,5,4,1,0,1555,1335,1495,1335,2085,1780,,,6.35,1,0.269745,,,,,,,,,,,,,,,
1975,,,5,3,3,0,0,6,6,0,0,1680,1335,1685,1335,1565,1485,,,5.88,1,0.287627,,,,,,,,,,,,,,,
1976,,,5,4,4,0,0,7,7,0,0,1660,1335,1640,1335,2090,1670,,,6.41,1,0.302189,,,,,,,,,,,,,,,
1977,,,5,7,6,0,0,12,11,1,0,1875,1535,1800,1425,2660,1630,,,7.09,1,0.322139,,,,,,,,,,,,,,,
1978,,,5,7,7,0,0,14,14,1,0,1950,1780,1905,1780,3150,2280,,,5.92,1,0.346492,,,,,,,,,,,,,,,
1979,,,5,11,10,0,0,23,21,1,0,2125,2210,2050,2120,3705,2600,,,5.32,1,0.381639,,,,,,,,,,,,,,,
1980,,,5,17,16,1,0,36,34,2,0,2110,2225,2050,2225,3290,3560,,,5.18,1,0.42186,,,,,,,,,,,,,,,
1981,,,5,24,23,1,0,53,51,2,0,2250,2225,2215,2225,3540,2885,2400,2640,4.91,0,0.452594,,,,,,,,,,,,,,,
1982,,,5,20,19,0,0,44,43,1,0,2265,2225,2240,2225,3570,4450,2190,2640,5.22,1,0.474364,,,,,,,,,,,,,,,
1983,,,5,19,18,1,0,42,39,2,1,2265,2225,2225,2225,3175,2315,2770,2640,4.95,1,0.491878,,,,,,,,,,,,,,,
1984,,,5,19,18,0,0,41,40,1,1,2220,2225,2205,2225,2955,2670,2370,2640,4.46,1,0.509814,,,,,,,,,,,,,,,
1985,,,5,23,23,0,1,52,49,1,1,2210,2225,2190,2225,3815,2895,2255,2200,4.76,0,0.528431,,,,,,,,,,,,,,,
1986,,,5,20,19,0,1,44,41,1,2,2155,2225,2140,2225,4025,4450,2275,2640,4.32,0,0.536539,,,,,,,,,,,,,,,
1987,,,5,19,18,0,1,43,41,0,2,2255,2225,2240,2225,3775,4450,2335,2510,4.62,0,0.556903,,,,,,,,,,,,,,,
1988,,,5,23,21,0,1,64,59,1,4,2825,2335,2780,2335,5515,6290,2960,3520,4.12,0,0.580705,,,,,,,,,,,,,,,
1989,,,5,23,22,0,1,71,67,1,3,3055,2335,3040,2335,4485,5855,2825,2640,4.24,0,0.60299,,,,,,,,,,,,,,,
1990,,,5,21,19,0,1,61,56,1,4,2975,2625,2930,2625,5485,7500,3035,3520,3.86,1,0.631967,,,,,,,,,,,,,,,
1991,,,5,22,20,0,1,67,62,1,4,3065,2625,3050,2625,6505,6700,2825,3430,3.93,0,0.648323,,,,,,,,,,,,,,,
1992,,,5,21,20,0,1,69,63,1,4,3225,2625,3200,2625,8720,7500,3140,3520,3.9,1,0.665147,,,,,,,,,,,,,,,
1993,,,5,20,19,0,1,67,61,1,5,3360,2625,3300,2625,7990,5730,3885,4000,3.82,1,0.679709,,,,,,,,,,,,,,,
1994,,,5,19,17,0,1,66,60,2,5,3565,2625,3460,2625,11695,8500,3915,3500,4.12,1,0.694281,,,,,,,,,,,,,,,
1995,,,5,15,14,0,1,59,53,2,3,3935,2625,3795,2625,19370,18500,3960,3290,3.7,1,0.707602,,31345,0.42,0.64,0.51,58288.9,0.15,0.1,0.04,22195,17220,33715,22465,35045,11665
1996,,,5,16,14,0,1,63,56,2,6,4055,3385,3880,3310,16625,11000,4815,3910,3.63,1,0.724261,,31755,0.4,0.67,0.51,60449.9,0.2,0.1,0.04,20180,11835,41050,20120,29300,46495
1997,,,5,12,11,0,1,50,44,0,6,4165,3150,4055,2775,4540,5000,5080,4645,3.59,1,0.732323,,37930,0.44,0.63,0.48,55483,0.21,0.12,0.04,23940,13880,40630,24070,,11080
1998,,,5,11,10,0,1,48,42,0,6,4290,3200,4180,2975,17000,17000,4975,4515,3.28,1,0.738253,,36610,0.48,0.6,0.53,59294.1,0.08,0.09,0.04,25975,18725,44820,25975,,
1999,,,5,9,8,0,1,37,32,0,5,4155,2770,4015,2625,18500,18500,4795,4000,3.57,1,0.753413,21,45345,0.56,0.57,0.48,57138.8,0.15,0.1,0.04,30060,21695,41150,30060,12005,
2000,,,5,10,9,0,1,46,40,0,5,4360,3500,4240,3240,18500,18500,5110,4285,3.39,1,0.77168,22,40645,0.51,0.58,0.52,54760.2,0.15,0.11,0.04,29285,18700,46980,29255,28035,53525
2001,,,5,10,9,0,1,45,37,0,7,4415,3315,4190,2805,3310,3310,6110,4950,3.62,1,0.779909,23,36005,0.47,0.61,0.52,53168.3,0.18,0.11,0.04,26495,19110,47390,26460,80645,94310
2002,,,5,11,10,0,1,50,42,0,8,4710,3500,4310,3315,4000,4000,8425,6430,2.69,1,0.796383,23,43170,0.5,0.59,0.55,53827.1,0.17,0.11,0.04,29735,19670,47405,29805,39650,9365
2003,,,5,11,10,0,1,52,44,0,8,4690,3730,4410,3500,2415,2415,7155,5000,2.75,1,0.811654,24,40400,0.45,0.6,0.53,54684,0.16,0.11,0.04,25660,17600,51305,25520,38340,50480
2004,,,5,12,11,0,1,55,47,0,8,4565,3720,4310,3500,,,7240,5105,2.43,1,0.834702,23,39615,0.5,0.61,0.56,55499.3,0.16,0.11,0.04,25555,14265,49455,25360,,90455
2005,,,5,12,11,0,1,58,51,0,7,4765,4245,4510,4060,12000,12000,7500,5640,2.23,1,0.858669,24,39695,0.47,0.61,0.55,53293.1,0.19,0.12,0.04,23990,14325,46515,23940,,48495
2006,,,5,12,10,0,1,59,47,0,12,5065,4000,4495,3915,1315,1315,10025,8140,2.14,1,0.876992,23,34620,0.48,0.61,0.5,53172.3,0.19,0.12,0.04,22835,12070,46450,22835,75900,20990
2007,,,5,14,13,0,1,71,64,0,7,5235,4635,5045,4500,,,7900,8000,1.5,0,0.906824,24,32815,0.46,0.61,0.59,51619.6,0.18,0.13,0.05,20705,12725,33700,20540,,40090
2008,,,5,14,13,0,1,86,76,1,10,6240,5500,5940,5500,20500,20500,9790,7175,1.46,0,0.910217,24,32670,0.44,0.56,0.53,52793.2,0.21,0.13,0.05,20790,10225,33990,20740,40390,22020
2009,,,5,17,16,0,1,118,106,0,12,7070,6045,6860,5970,,,9835,8640,1.21,0,0.929017,24,32770,0.46,0.57,0.57,54084,0.22,0.13,0.04,18975,10780,35665,18880,,29690
2010,,,5,17,15,0,1,110,99,1,10,6595,5500,6500,5500,8835,9500,7575,4695,0.94,0,0.941916,24,33465,0.44,0.56,0.58,53638.9,0.21,0.12,0.04,20315,10175,32675,20330,1140,26310
2011,,,5,17,15,0,1,121,109,0,12,7210,6000,7025,5815,3500,3500,9190,6540,0.85,0,0.965479,24,33975,0.46,0.55,0.56,55376.3,0.21,0.12,0.04,20150,11055,39590,20090,0,21495
2012,,,5,15,14,0,1,99,93,1,5,6755,5720,6720,5765,20500,20500,6985,5500,0.59,0,0.980216,24,33155,0.5,0.59,0.51,53733.5,0.19,0.13,0.05,19620,10005,36260,19615,48000,13665
2013,,,5,13,12,0,1,97,86,1,11,7295,6500,6950,6335,20500,20500,11575,8040,0.34,0,0.992323,23,33565,0.56,0.52,0.47,53991.3,0.19,0.13,0.04,20530,9760,32625,20420,65390,62650
2014,,,5,13,12,0,1,97,87,0,10,7620,6500,7360,6335,,,11025,8905,0,0,1,23,34440,0.57,0.5,0.47,53835.6,0.2,0.13,0.05,19420,10045,28235,19600,,0
1970,,,6,77,70,7,0,95,84,11,0,1240,890,1210,890,1455,1335,,,5.55,1,0.209694,,,,,,,,,,,,,,,
1971,,,6,50,45,5,0,69,61,8,0,1380,1335,1355,1290,1500,1335,,,6.03,1,0.217343,,,,,,,,,,,,,,,
1972,,,6,51,45,6,0,76,66,10,0,1490,1335,1480,1335,1495,1335,,,6.09,1,0.224633,,,,,,,,,,,,,,,
1973,,,6,53,46,8,0,89,74,15,0,1670,1335,1620,1335,1865,1335,,,5.61,1,0.24199,,,,,,,,,,,,,,,
1974,,,6,53,45,7,0,96,79,17,0,1815,1335,1745,1335,2080,1780,,,6.42,2,0.269745,,,,,,,,,,,,,,,
1975,,,6,59,51,8,0,116,96,19,0,1950,1335,1875,1335,2140,1780,,,6.47,2,0.287627,,,,,,,,,,,,,,,
1976,,,6,76,64,12,0,144,115,29,0,1905,1490,1810,1335,2125,1780,,,6.23,2,0.302189,,,,,,,,,,,,,,,
1977,,,6,105,90,15,0,230,182,48,0,2190,1780,2020,1780,2790,2225,,,6.07,2,0.322139,,,,,,,,,,,,,,,
1978,,,6,134,112,22,0,319,239,80,0,2390,2225,2140,1780,3145,2225,,,5.98,2,0.346492,,,,,,,,,,,,,,,
1979,,,6,249,211,38,0,633,483,150,0,2550,2225,2290,2225,3530,3560,,,5.69,2,0.381639,,,,,,,,,,,,,,,
1980,,,6,390,329,62,0,1018,742,276,0,2610,2225,2260,2225,3780,4450,,,5.42,2,0.42186,,,,,,,,,,,,,,,
1981,,,6,466,384,76,6,1263,900,344,19,2710,2225,2345,2225,4185,4450,3120,2640,5.22,2,0.452594,,,,,,,,,,,,,,,
1982,,,6,306,249,47,10,785,550,208,27,2570,2225,2210,2225,4215,4450,2825,2640,5.55,2,0.474364,,,,,,,,,,,,,,,
1983,,,6,314,250,46,17,816,560,206,49,2600,2225,2235,2225,4335,4450,2845,2640,5.42,2,0.491878,,,,,,,,,,,,,,,
1984,,,6,350,285,48,17,899,631,221,47,2565,2225,2215,2225,4465,4450,2740,2640,5.25,2,0.509814,,,,,,,,,,,,,,,
1985,,,6,358,294,45,20,934,664,216,54,2605,2225,2260,2225,4675,4450,2705,2640,5.1,2,0.528431,,,,,,,,,,,,,,,
1986,,,6,308,253,39,16,778,553,184,41,2525,2225,2185,2225,4575,4450,2590,2640,4.88,2,0.536539,,,,,,,,,,,,,,,
1987,,,6,296,243,37,17,838,568,220,50,2830,2335,2340,2225,5770,5755,2945,2640,4.93,2,0.556903,,,,,,,,,,,,,,,
1988,,,6,318,252,39,27,988,635,264,89,3105,2335,2515,2335,6535,6675,3300,3520,4.82,2,0.580705,,,,,,,,,,,,,,,
1989,,,6,337,260,41,36,1094,669,305,120,3250,2335,2570,2335,7275,6675,3320,3520,4.72,2,0.60299,,,,,,,,,,,,,,,
1990,,,6,352,266,44,43,1280,758,373,148,3640,2625,2855,2625,8295,7500,3435,3520,4.7,3,0.631967,,,,,,,,,,,,,,,
1991,,,6,389,289,49,51,1474,867,431,177,3795,2625,2995,2625,8585,7500,3455,3520,4.59,3,0.648323,,,,,,,,,,,,,,,
1992,,,6,421,309,50,62,1629,957,456,215,3865,2625,3095,2625,8905,7500,3450,3520,4.49,3,0.665147,,,,,,,,,,,,,,,
1993,,,6,443,337,53,53,2053,1164,625,264,4635,2625,3450,2625,11560,10570,4990,4000,4.49,3,0.679709,,,,,,,,,,,,,,,
1994,,,6,500,376,64,61,2798,1439,905,453,5590,3315,3830,2625,13565,13445,7460,5400,4.43,3,0.694281,,,,,,,,,,,,,,,
1995,,,6,468,345,61,62,2707,1359,863,484,5785,3500,3945,2625,13665,14000,7775,6000,4.28,3,0.707602,,55220,0.65,0.58,0.33,57301.5,0.13,0.13,0.04,45255,22415,61140,48565,27140,55450
1996,,,6,493,371,60,62,2849,1473,886,490,5780,3500,3970,2625,14370,15000,7870,6000,4.34,3,0.724261,,57930,0.68,0.59,0.32,57726,0.12,0.11,0.04,47945,22855,62600,51215,28210,38935
1997,,,6,500,373,59,69,3027,1518,920,588,6050,3500,4075,2625,15330,16000,8530,6650,4.23,3,0.732323,,59615,0.69,0.59,0.32,60115.4,0.14,0.11,0.04,49445,23805,63395,52450,29495,50365
1998,,,6,500,378,57,65,3005,1536,890,579,6015,3500,4065,2625,15210,15685,8910,7195,4.22,3,0.738253,,61525,0.7,0.59,0.32,63935.5,0.12,0.09,0.04,51105,25165,65125,54945,28735,43480
1999,,,6,502,384,53,65,2962,1527,853,581,5900,3150,3975,2625,15635,16675,8945,7000,4.19,3,0.753413,20,64905,0.72,0.59,0.32,65388.4,0.1,0.08,0.03,54125,25360,67545,58015,27040,46840
2000,,,6,500,380,52,68,3069,1557,876,636,6145,3500,4095,2625,16615,18500,9380,7500,4.05,3,0.77168,20,66390,0.71,0.58,0.33,64745.8,0.11,0.08,0.03,54850,26975,69385,58450,30860,47280
2001,,,6,509,387,56,67,3225,1609,946,670,6335,3500,4160,2625,16625,18500,10010,8000,3.93,3,0.779909,20,69500,0.71,0.58,0.33,64922,0.11,0.08,0.03,55955,28130,69920,59945,31855,48565
2002,,,6,536,402,64,70,3614,1732,1117,766,6745,3580,4310,2625,17210,18500,10880,8950,3.74,3,0.796383,20,70575,0.7,0.59,0.33,65417.7,0.11,0.08,0.03,56615,28820,71135,61570,33105,45485
2003,,,6,568,418,71,80,4066,1865,1280,921,7160,4375,4460,2625,17760,18500,11575,10000,3.53,3,0.811654,20,68960,0.69,0.59,0.31,65377.1,0.12,0.08,0.03,53880,27370,69125,58540,32070,47660
2004,,,6,592,438,70,84,4327,1986,1272,1070,7315,4785,4530,2625,17845,18500,12720,10000,3.32,3,0.834702,20,69920,0.71,0.59,0.31,65587.8,0.11,0.08,0.03,54900,26275,70795,60030,30970,43660
2005,,,6,585,435,69,81,4334,1957,1284,1094,7410,4500,4500,2625,18260,18500,13480,10900,3.14,3,0.858669,20,70770,0.71,0.59,0.31,65563.3,0.11,0.08,0.03,55975,25470,71300,60970,30505,45545
2006,,,6,577,443,65,70,4328,1979,1367,982,7495,4070,4470,2625,20650,18500,14035,11875,3.01,3,0.876992,20,72055,0.74,0.6,0.3,65410.9,0.11,0.09,0.03,57335,25210,71825,61985,34350,36410
2007,,,6,557,431,68,59,4556,2119,1608,829,8175,4320,4915,3500,23125,20500,14160,11910,2.83,3,0.906824,19,73400,0.74,0.59,0.3,65829,0.11,0.08,0.03,57790,25650,72005,62775,34775,31290
2008,,,6,556,429,70,57,5106,2582,1683,841,9190,5500,6015,5500,23715,20500,14715,12560,2.63,3,0.910217,20,75500,0.75,0.59,0.29,66153.2,0.11,0.08,0.03,57475,25730,72615,63265,34050,34695
2009,,,6,641,487,83,72,6705,3409,2197,1098,10455,6110,7000,5500,25965,20500,15310,12750,2.35,2,0.929017,20,77620,0.73,0.58,0.29,66572.6,0.11,0.08,0.03,57425,25460,73315,62940,34015,33910
2010,,,6,635,476,76,83,6435,3189,2049,1197,10130,5500,6695,5500,26530,20500,14395,11750,2.08,2,0.941916,20,74615,0.73,0.59,0.3,66882,0.11,0.08,0.03,54520,21625,70280,59845,30805,27490
2011,,,6,658,497,74,87,6708,3392,1955,1361,10200,5500,6820,5500,26060,20500,15645,12745,1.76,2,0.965479,20,71735,0.74,0.59,0.3,66696.3,0.11,0.08,0.03,52310,21925,67765,56695,32780,24440
2012,,,6,578,459,64,55,5907,3189,1818,900,10220,5500,6940,5500,27910,20500,16375,13640,1.3,2,0.980216,20,72490,0.75,0.58,0.3,66382.7,0.11,0.08,0.03,52410,20915,67340,55940,34195,27820
2013,,,6,540,437,55,49,5489,3007,1647,835,10165,5500,6885,5500,29520,20500,17070,14000,0.68,1,0.992323,19,72455,0.77,0.58,0.29,66410.8,0.11,0.08,0.03,52120,20795,65895,55815,33635,25525
2014,,,6,558,453,55,51,5721,3107,1725,889,10245,5500,6865,5500,30595,20500,17540,15000,0,0,1,19,74620,0.78,0.59,0.27,66339,0.11,0.09,0.03,52730,19340,67350,56450,32395,19760
